cid,city,prov,region,year,resilience_index,resilience_std
110000,北京市,北京市,东部,2016,-0.4846343005179701,-0.30046980939033474
110000,北京市,北京市,东部,2017,-0.3983673753527655,-0.24704661909235018
110000,北京市,北京市,东部,2018,-0.361445677803311,-0.22418183203135583
110000,北京市,北京市,东部,2019,-1.2539924474031743,-0.77691621813438
110000,北京市,北京市,东部,2020,0.9557253223764999,0.591512906860012
110000,北京市,北京市,东部,2021,-0.7827638880916752,-0.4850948398977836
110000,北京市,北京市,东部,2022,0.5537356973735976,0.3425696624680397
110000,北京市,北京市,东部,2023,0.11793114017968565,0.07268558178342995
120000,天津市,天津市,东部,2016,0.1970817248443935,0.12170178050202027
120000,天津市,天津市,东部,2017,0.6762779204382077,0.4184573388837894
120000,天津市,天津市,东部,2018,0.7787759519323736,0.48193209275029525
120000,天津市,天津市,东部,2019,4.650619644122499,2.8796788766516057
120000,天津市,天津市,东部,2020,0.34487952556267903,0.21322967509517682
120000,天津市,天津市,东部,2021,-1.0150972820350674,-0.6289737493807055
120000,天津市,天津市,东部,2022,0.410043972006963,0.2535845691219315
120000,天津市,天津市,东部,2023,0.20694421593018192,0.12780940213196992
130100,石家庄市,河北省,东部,2016,-0.1566918660599978,-0.09738234511266858
130100,石家庄市,河北省,东部,2017,0.02722357698718278,0.016512403005822247
130100,石家庄市,河北省,东部,2018,0.8622338184622192,0.5336156954398472
130100,石家庄市,河北省,东部,2019,1.247642888255988,0.7722909703349646
130100,石家庄市,河北省,东部,2020,0.52044483164356,0.32195336889232057
130100,石家庄市,河北省,东部,2021,-0.6216638925239897,-0.38532919154837053
130100,石家庄市,河北省,东部,2022,-0.4495118064741287,-0.2787192290902873
130100,石家庄市,河北省,东部,2023,-0.12779074311265115,-0.07948452172224697
130200,唐山市,河北省,东部,2016,0.40347983696394085,0.24951954611486962
130200,唐山市,河北省,东部,2017,1.060940205675027,0.656670146692928
130200,唐山市,河北省,东部,2018,-0.011485744758282058,-0.007459420006921345
130200,唐山市,河北省,东部,2019,1.2461616966728242,0.771373701292819
130200,唐山市,河北省,东部,2020,0.236475166722788,0.14609726391506436
130200,唐山市,河北省,东部,2021,-0.8256997155886937,-0.5116840440288223
130200,唐山市,河北省,东部,2022,0.1693568679033754,0.10453239251806294
130200,唐山市,河北省,东部,2023,0.7498643405178623,0.46402777408516444
130300,秦皇岛市,河北省,东部,2016,-3.424812319880467,-2.1212567394629174
130300,秦皇岛市,河北省,东部,2017,3.756046089263074,2.32568934746324
130300,秦皇岛市,河北省,东部,2018,-0.1371552265147792,-0.08528373825716053
130300,秦皇岛市,河北省,东部,2019,1.3037616256944293,0.807044057728715
130300,秦皇岛市,河北省,东部,2020,0.4222176005775831,0.2611234268533247
130300,秦皇岛市,河北省,东部,2021,-0.17694046648892567,-0.10992185352694069
130300,秦皇岛市,河北省,东部,2022,0.7306943243216661,0.4521562089250106
130300,秦皇岛市,河北省,东部,2023,0.5100434965285636,0.31551205312573416
130400,邯郸市,河北省,东部,2016,-0.07171484343353342,-0.04475796280118641
130400,邯郸市,河北省,东部,2017,1.0733413124610498,0.6643498766295938
130400,邯郸市,河北省,东部,2018,0.7035032704368267,0.4353173933150804
130400,邯郸市,河北省,东部,2019,0.9838072693151951,0.608903432746623
130400,邯郸市,河北省,东部,2020,0.517381807976266,0.32005650638155286
130400,邯郸市,河北省,东部,2021,-0.6098866069690092,-0.3780357802416325
130400,邯郸市,河北省,东部,2022,-0.04381169685543678,-0.02747816400576728
130400,邯郸市,河北省,东部,2023,0.9149107481315584,0.5662373477434317
130500,邢台市,河北省,东部,2016,-0.17937676096334537,-0.11143059657161976
130500,邢台市,河北省,东部,2017,0.46931989135286767,0.2902928291328207
130500,邢台市,河北省,东部,2018,0.26072532053664554,0.1611148454443948
130500,邢台市,河北省,东部,2019,1.008592199360872,0.6242521893160352
130500,邢台市,河北省,东部,2020,0.07277411376890433,0.04472083850998671
130500,邢台市,河北省,东部,2021,-0.5816121842694209,-0.3605260583922322
130500,邢台市,河北省,东部,2022,0.19014737554325378,0.11740749202937507
130500,邢台市,河北省,东部,2023,0.705235225485927,0.4363899546008623
130600,保定市,河北省,东部,2016,-1.3437890871061478,-0.8325252822314791
130600,保定市,河北省,东部,2017,1.3236712211138182,0.8193736278717216
130600,保定市,河北省,东部,2018,-0.23532934035633563,-0.14608078597909474
130600,保定市,河北省,东部,2019,-0.07316857169616164,-0.04565822441903379
130600,保定市,河北省,东部,2020,-0.3249313887515895,-0.2015693440022526
130600,保定市,河北省,东部,2021,-1.1225605558599137,-0.6955233675176088
130600,保定市,河北省,东部,2022,-0.031389896724171015,-0.019785619140104137
130600,保定市,河北省,东部,2023,-0.14458113306431514,-0.08988243721358191
130700,张家口市,河北省,东部,2016,-0.10409698418876306,-0.06481150318772294
130700,张家口市,河北省,东部,2017,1.7720016742743012,1.0970147176602654
130700,张家口市,河北省,东部,2018,-0.0069689099088229844,-0.0046622445280792004
130700,张家口市,河北省,东部,2019,0.9830245989775103,0.6084187423938527
130700,张家口市,河北省,东部,2020,0.3282427613259462,0.20292689659623744
130700,张家口市,河北省,东部,2021,0.07238117691557577,0.04447750144598145
130700,张家口市,河北省,东部,2022,1.0261185265349047,0.6351058543800213
130700,张家口市,河北省,东部,2023,0.5548153024696726,0.3432382379201476
130800,承德市,河北省,东部,2016,0.4041274949167793,0.24992062629706263
130800,承德市,河北省,东部,2017,0.8936855849874332,0.5530930757343985
130800,承德市,河北省,东部,2018,0.791475686666623,0.4897967563411495
130800,承德市,河北省,东部,2019,1.162009277178774,0.7192599773823279
130800,承德市,河北省,东部,2020,-0.09838904523447511,-0.06127670339764999
130800,承德市,河北省,东部,2021,-0.2488989832685944,-0.15448416437920603
130800,承德市,河北省,东部,2022,0.44480398147735256,0.27511067077839085
130800,承德市,河北省,东部,2023,0.4291903672242422,0.2654415063345922
130900,沧州市,河北省,东部,2016,-0.02435150743986865,-0.015426901017179268
130900,沧州市,河北省,东部,2017,0.6787191193640725,0.4199691191462939
130900,沧州市,河北省,东部,2018,0.3141913664751028,0.1942251799228871
130900,沧州市,河北省,东部,2019,0.8023318502760498,0.4965197372901261
130900,沧州市,河北省,东部,2020,0.043285464313892075,0.02645917300552173
130900,沧州市,河北省,东部,2021,-1.1437243484836936,-0.7086296341267648
130900,沧州市,河北省,东部,2022,-0.16331426866810098,-0.10148345192834612
130900,沧州市,河北省,东部,2023,0.33549941634576486,0.2074207818403004
131000,廊坊市,河北省,东部,2016,-0.6401356111752263,-0.396768316551911
131000,廊坊市,河北省,东部,2017,0.1834512396474467,0.11326072382663918
131000,廊坊市,河北省,东部,2018,-0.1973512933253615,-0.1225618251514531
131000,廊坊市,河北省,东部,2019,0.5602722109993141,0.34661758014498584
131000,廊坊市,河北省,东部,2020,1.1000872788953617,0.6809130594692213
131000,廊坊市,河北省,东部,2021,-0.5791463103988961,-0.35899899748466424
131000,廊坊市,河北省,东部,2022,1.0992658750174957,0.6804043822954992
131000,廊坊市,河北省,东部,2023,0.6414646356533109,0.3968982450085897
131100,衡水市,河北省,东部,2016,-1.4016803924568477,-0.8683760815549332
131100,衡水市,河北省,东部,2017,0.13885307711118877,0.08564207253528706
131100,衡水市,河北省,东部,2018,0.3721008425292157,0.23008723195929479
131100,衡水市,河北省,东部,2019,1.3096400574242821,0.810684439907125
131100,衡水市,河北省,东部,2020,-0.23345261124948036,-0.14491856933556313
131100,衡水市,河北省,东部,2021,-0.5577533085951442,-0.3457507867223321
131100,衡水市,河北省,东部,2022,-0.04346460430356017,-0.027263217299200337
131100,衡水市,河北省,东部,2023,0.1757034980795767,0.10846271959306678
140100,太原市,山西省,中部,2016,-0.01720526392098079,-0.011001391162803787
140100,太原市,山西省,中部,2017,-0.47870030291318233,-0.2967950164999974
140100,太原市,山西省,中部,2018,-0.9726183230770495,-0.6026674737863389
140100,太原市,山西省,中部,2019,0.6192045656226827,0.38311307815564644
140100,太原市,山西省,中部,2020,1.9592953316315889,1.2130015188525225
140100,太原市,山西省,中部,2021,-1.8686970818033513,-1.1575891422907099
140100,太原市,山西省,中部,2022,0.032811163656151485,0.019972671299274748
140100,太原市,山西省,中部,2023,1.188991545147356,0.7359694965125888
140200,大同市,山西省,中部,2016,2.084972054725431,1.2908303215021097
140200,大同市,山西省,中部,2017,-0.031733899943918564,-0.01999865269191439
140200,大同市,山西省,中部,2018,-0.9092687345780206,-0.5634364809672312
140200,大同市,山西省,中部,2019,0.6397717980992266,0.3958499083184593
140200,大同市,山西省,中部,2020,-0.20806133539433075,-0.1291943162765772
140200,大同市,山西省,中部,2021,-2.2090399248100847,-1.3683559041022173
140200,大同市,山西省,中部,2022,-0.2491801338087295,-0.1546582746628316
140200,大同市,山西省,中部,2023,0.8372564243136844,0.5181477501272077
140300,阳泉市,山西省,中部,2016,0.8115560181427077,0.502232059531093
140300,阳泉市,山西省,中部,2017,0.5222678649872472,0.32308233294259664
140300,阳泉市,山西省,中部,2018,-0.0744208734321343,-0.04643374706370026
140300,阳泉市,山西省,中部,2019,1.7974210605994987,1.1127563789088657
140300,阳泉市,山西省,中部,2020,0.3713058157144195,0.22959488951475396
140300,阳泉市,山西省,中部,2021,-1.7621514582840507,-1.0916078046020348
140300,阳泉市,山西省,中部,2022,-0.7088210613709343,-0.4393036899813106
140300,阳泉市,山西省,中部,2023,1.357251872876497,0.8401693794997342
140400,长治市,山西省,中部,2016,0.23353796402952648,0.14427831953834797
140400,长治市,山西省,中部,2017,-1.8575762703510619,-1.150702270811914
140400,长治市,山西省,中部,2018,-1.189022408525208,-0.7366817163945982
140400,长治市,山西省,中部,2019,0.46836057884508825,0.28969874820829267
140400,长治市,山西省,中部,2020,-0.5584928011816106,-0.3462087380529851
140400,长治市,山西省,中部,2021,-3.953312547145946,-2.4485451893486903
140400,长治市,山西省,中部,2022,-2.4961731062919434,-1.5461711046068742
140400,长治市,山西省,中部,2023,0.7363593310158092,0.4556644217201345
140500,晋城市,山西省,中部,2016,1.2594515791487981,0.7796038302697375
140500,晋城市,山西省,中部,2017,-0.5831284423129777,-0.3614650433142827
140500,晋城市,山西省,中部,2018,-1.7494583256366167,-1.0837472295368773
140500,晋城市,山西省,中部,2019,0.4915585541188122,0.30406473894231695
140500,晋城市,山西省,中部,2020,-0.4519190179706981,-0.28020996169287454
140500,晋城市,山西省,中部,2021,-3.873590022049652,-2.3991748006267213
140500,晋城市,山西省,中部,2022,-2.4605388520365565,-1.5241036025767896
140500,晋城市,山西省,中部,2023,0.5877687332630768,0.3636455655358719
140600,朔州市,山西省,中部,2016,2.72694681378129,1.6883910280401613
140600,朔州市,山西省,中部,2017,-0.04877997460797568,-0.0305549080454886
140600,朔州市,山西省,中部,2018,-0.4059287323878657,-0.25172919952539075
140600,朔州市,山西省,中部,2019,1.1859126465526137,0.7340628030119207
140600,朔州市,山西省,中部,2020,0.0589375243469773,0.036152146066769336
140600,朔州市,山西省,中部,2021,-2.9798611645867132,-1.8457083737706843
140600,朔州市,山西省,中部,2022,-0.28189536079098443,-0.17491808795011118
140600,朔州市,山西省,中部,2023,1.1959307498098315,0.7402667918026453
140700,晋中市,山西省,中部,2016,0.08257131372746045,0.05078802679531186
140700,晋中市,山西省,中部,2017,-1.5176671273545423,-0.9402040897818998
140700,晋中市,山西省,中部,2018,-1.5138728601629026,-0.937854384401394
140700,晋中市,山西省,中部,2019,0.21146770383677577,0.1306106977012951
140700,晋中市,山西省,中部,2020,0.5451464369617351,0.33725052430908564
140700,晋中市,山西省,中部,2021,-2.7803890335259878,-1.7221797143639168
140700,晋中市,山西省,中部,2022,-1.442934915035937,-0.8939240909012097
140700,晋中市,山西省,中部,2023,0.6562990189731867,0.40608484904638636
140800,运城市,山西省,中部,2016,0.5333139373223658,0.32992292014649016
140800,运城市,山西省,中部,2017,-0.10767058297164964,-0.06702455352493143
140800,运城市,山西省,中部,2018,-1.0056062429073278,-0.6230961596964105
140800,运城市,山西省,中部,2019,0.2603597722794495,0.16088846952952499
140800,运城市,山西省,中部,2020,-0.6063399265691363,-0.3758393998610209
140800,运城市,山西省,中部,2021,-2.3322204743195343,-1.4446388819045597
140800,运城市,山西省,中部,2022,-0.6958903548017383,-0.4312959906642126
140800,运城市,山西省,中部,2023,0.7626225029122198,0.47192862062792795
140900,忻州市,山西省,中部,2016,0.7928695155825984,0.49065992362430455
140900,忻州市,山西省,中部,2017,-2.1903946611419576,-1.3568093065250937
140900,忻州市,山西省,中部,2018,-1.2405163456618127,-0.7685707677033481
140900,忻州市,山西省,中部,2019,0.059061125614305064,0.03622868958577013
140900,忻州市,山西省,中部,2020,-0.6259411358725933,-0.387977993333361
140900,忻州市,山西省,中部,2021,-4.165289928289245,-2.579818072322089
140900,忻州市,山西省,中部,2022,-1.494301622260329,-0.9257343515517934
140900,忻州市,山西省,中部,2023,1.0954692276808913,0.6780532029440927
141000,临汾市,山西省,中部,2016,0.9299698610796869,0.5755631218475401
141000,临汾市,山西省,中部,2017,-0.5922745991692843,-0.3671290550695871
141000,临汾市,山西省,中部,2018,-0.7761079053549491,-0.48097293765444693
141000,临汾市,山西省,中部,2019,0.6196412385237231,0.3833834999823846
141000,临汾市,山西省,中部,2020,-0.4831620037157363,-0.29955804868841773
141000,临汾市,山西省,中部,2021,-2.9464858209989955,-1.8250397649344157
141000,临汾市,山西省,中部,2022,-1.8186193967908968,-1.1265771444597965
141000,临汾市,山西省,中部,2023,0.22540604586828555,0.1392424032751491
141100,吕梁市,山西省,中部,2016,0.691018480062178,0.4275858399910456
141100,吕梁市,山西省,中部,2017,-2.898031085390781,-1.7950328236150297
141100,吕梁市,山西省,中部,2018,-0.375289294851533,-0.23275487652741594
141100,吕梁市,山西省,中部,2019,0.09783742730094383,0.06024199178809455
141100,吕梁市,山西省,中部,2020,0.5273320573754076,0.32621847478537347
141100,吕梁市,山西省,中部,2021,-3.953018475338477,-2.4483630772112566
141100,吕梁市,山西省,中部,2022,-1.6205172159068868,-1.0038968647634368
141100,吕梁市,山西省,中部,2023,1.5149674533220905,0.9378391347502726
150100,呼和浩特市,内蒙古自治区,西部,2016,0.42766760120213204,0.26449849116600116
150100,呼和浩特市,内蒙古自治区,西部,2017,2.5782722414607555,1.59632016827159
150100,呼和浩特市,内蒙古自治区,西部,2018,1.7447512492231843,1.0801391348060154
150100,呼和浩特市,内蒙古自治区,西部,2019,1.5262882413822365,0.9448498472997477
150100,呼和浩特市,内蒙古自治区,西部,2020,1.5631274369553916,0.9676635427196367
150100,呼和浩特市,内蒙古自治区,西部,2021,-0.6122547341366176,-0.37950230878756935
150100,呼和浩特市,内蒙古自治区,西部,2022,0.2388449035119757,0.14756478926388683
150100,呼和浩特市,内蒙古自治区,西部,2023,-0.8120979577694467,-0.5032607775802597
150200,包头市,内蒙古自治区,西部,2016,0.24858528250126077,0.15359678958524467
150200,包头市,内蒙古自治区,西部,2017,4.02165899928099,2.490177521932359
150200,包头市,内蒙古自治区,西部,2018,3.0258559155698395,1.8734987943836199
150200,包头市,内蒙古自治区,西部,2019,2.234403206098751,1.3833697138703422
150200,包头市,内蒙古自治区,西部,2020,0.3030477979258994,0.18732421547953113
150200,包头市,内蒙古自治区,西部,2021,-1.3722198179016805,-0.8501318022122463
150200,包头市,内蒙古自治区,西部,2022,-0.8627934348779528,-0.5346553603317407
150200,包头市,内蒙古自治区,西部,2023,-0.8615923053746927,-0.53391152751398
150300,乌海市,内蒙古自治区,西部,2016,3.100320274603885,1.919612917675658
150300,乌海市,内蒙古自治区,西部,2017,3.070395513952474,1.901081178195661
150300,乌海市,内蒙古自治区,西部,2018,3.1720148904536325,1.9640118005446956
150300,乌海市,内蒙古自治区,西部,2019,-0.25658442193046715,-0.15924358580718018
150300,乌海市,内蒙古自治区,西部,2020,0.7329358894102115,0.45354436038701473
150300,乌海市,内蒙古自治区,西部,2021,-2.3938627223877464,-1.4828125567241641
150300,乌海市,内蒙古自治区,西部,2022,-0.6092791498614687,-0.37765959554985346
150300,乌海市,内蒙古自治区,西部,2023,2.8519746023426755,1.765817959950158
150400,赤峰市,内蒙古自治区,西部,2016,0.10896822091495387,0.06713504499788597
150400,赤峰市,内蒙古自治区,西部,2017,2.338467514691337,1.4478144283483807
150400,赤峰市,内蒙古自治区,西部,2018,2.298988273714748,1.4233658114598884
150400,赤峰市,内蒙古自治区,西部,2019,-0.778783792460215,-0.48263005509275575
150400,赤峰市,内蒙古自治区,西部,2020,-0.2273545345840674,-0.14114216592806744
150400,赤峰市,内蒙古自治区,西部,2021,-1.0789937141673607,-0.6685433903135273
150400,赤峰市,内蒙古自治区,西部,2022,-0.33666868434838215,-0.208837990416279
150400,赤峰市,内蒙古自治区,西部,2023,0.23476258738669323,0.14503670157790702
150500,通辽市,内蒙古自治区,西部,2016,-0.3871359499632032,-0.24009124685953742
150500,通辽市,内蒙古自治区,西部,2017,4.614007181388384,2.857005591841967
150500,通辽市,内蒙古自治区,西部,2018,4.048312452684174,2.506683413507026
150500,通辽市,内蒙古自治区,西部,2019,1.2103376214231918,0.7491886473379532
150500,通辽市,内蒙古自治区,西部,2020,0.6184471816517512,0.38264404708805905
150500,通辽市,内蒙古自治区,西部,2021,-0.7931679391797642,-0.4915378376061698
150500,通辽市,内蒙古自治区,西部,2022,-0.3583964311080464,-0.2222935012933046
150500,通辽市,内蒙古自治区,西部,2023,0.515403728530443,0.3188315257246399
150600,鄂尔多斯市,内蒙古自治区,西部,2016,0.21747726019673594,0.13433228245014053
150600,鄂尔多斯市,内蒙古自治区,西部,2017,2.1959839411335,1.359577516577849
150600,鄂尔多斯市,内蒙古自治区,西部,2018,1.996908846870327,1.2362947332394627
150600,鄂尔多斯市,内蒙古自治区,西部,2019,1.1774937470331177,0.7288491655689687
150600,鄂尔多斯市,内蒙古自治区,西部,2020,1.581332983169414,0.9789378330459455
150600,鄂尔多斯市,内蒙古自治区,西部,2021,-3.1914522880206895,-1.9767420559255806
150600,鄂尔多斯市,内蒙古自治区,西部,2022,-2.1165388536533785,-1.3110720456859288
150600,鄂尔多斯市,内蒙古自治区,西部,2023,0.4081021341825406,0.2523820320960287
150700,呼伦贝尔市,内蒙古自治区,西部,2016,0.6449471637776047,0.39905489731010557
150700,呼伦贝尔市,内蒙古自治区,西部,2017,3.243493874252518,2.008277147274993
150700,呼伦贝尔市,内蒙古自治区,西部,2018,3.2316411657201476,2.0009370281939116
150700,呼伦贝尔市,内蒙古自治区,西部,2019,1.929921769413009,1.1948111243168675
150700,呼伦贝尔市,内蒙古自治区,西部,2020,1.5331432195423353,0.9490949829880103
150700,呼伦贝尔市,内蒙古自治区,西部,2021,-2.093248831098082,-1.2966490521152967
150700,呼伦贝尔市,内蒙古自治区,西部,2022,-0.7389129338408307,-0.4579389180980348
150700,呼伦贝尔市,内蒙古自治区,西部,2023,0.2973279078185801,0.18378201460588584
150800,巴彦淖尔市,内蒙古自治区,西部,2016,0.26061377463746727,0.1610457675470738
150800,巴彦淖尔市,内蒙古自治区,西部,2017,2.304046542270745,1.426498284805007
150800,巴彦淖尔市,内蒙古自治区,西部,2018,1.8403217776411156,1.139323839914868
150800,巴彦淖尔市,内蒙古自治区,西部,2019,-0.001041316909107734,-0.0009914178673821638
150800,巴彦淖尔市,内蒙古自治区,西部,2020,0.8391862277865483,0.5193428345465386
150800,巴彦淖尔市,内蒙古自治区,西部,2021,-0.5163415668638911,-0.32010541504781154
150800,巴彦淖尔市,内蒙古自治区,西部,2022,-0.5338750575549114,-0.3309635163187275
150800,巴彦淖尔市,内蒙古自治区,西部,2023,0.06800482431606804,0.041767323503660594
150900,乌兰察布市,内蒙古自治区,西部,2016,0.716787036277457,0.44354373439561423
150900,乌兰察布市,内蒙古自治区,西部,2017,2.9138364759936533,1.8041276440140925
150900,乌兰察布市,内蒙古自治区,西部,2018,2.6939560403355367,1.6679605749494204
150900,乌兰察布市,内蒙古自治区,西部,2019,0.1139268651976208,0.07020582324372726
150900,乌兰察布市,内蒙古自治区,西部,2020,-0.5499413513761031,-0.3409130151625678
150900,乌兰察布市,内蒙古自治区,西部,2021,-0.41911900328183055,-0.2598976412624851
150900,乌兰察布市,内蒙古自治区,西部,2022,-0.7421578842137612,-0.4599484437760232
150900,乌兰察布市,内蒙古自治区,西部,2023,0.0034021867420774288,0.001760345229453041
210100,沈阳市,辽宁省,东部,2016,9.611259406812792,5.951692878940916
210100,沈阳市,辽宁省,东部,2017,2.7148704287787835,1.6809123910901933
210100,沈阳市,辽宁省,东部,2018,1.6493479483798708,1.0210579900190913
210100,沈阳市,辽宁省,东部,2019,2.2639078310152585,1.4016412726232095
210100,沈阳市,辽宁省,东部,2020,2.614636173554826,1.6188395435770644
210100,沈阳市,辽宁省,东部,2021,1.1535653307731983,0.7140308289592542
210100,沈阳市,辽宁省,东部,2022,1.5439963821284688,0.9558161054699303
210100,沈阳市,辽宁省,东部,2023,1.169321363383357,0.7237881899276879
210200,大连市,辽宁省,东部,2016,6.242646363092755,3.865585656151949
210200,大连市,辽宁省,东部,2017,3.1147542504470414,1.9285515582583466
210200,大连市,辽宁省,东部,2018,1.4043170872861273,0.8693158212096479
210200,大连市,辽宁省,东部,2019,3.9151033698872046,2.4241899878279005
210200,大连市,辽宁省,东部,2020,2.5833829419560943,1.5994851115519448
210200,大连市,辽宁省,东部,2021,0.6280801105846107,0.3886095059765217
210200,大连市,辽宁省,东部,2022,1.0104733699710213,0.625417156483887
210200,大连市,辽宁省,东部,2023,1.0838502049636738,0.6708578002969043
210300,鞍山市,辽宁省,东部,2016,12.714722166967295,7.873598421545279
210300,鞍山市,辽宁省,东部,2017,2.6163199845447735,1.619882290316554
210300,鞍山市,辽宁省,东部,2018,2.5158028058663575,1.5576342345933452
210300,鞍山市,辽宁省,东部,2019,2.477189116059529,1.5337216343156945
210300,鞍山市,辽宁省,东部,2020,2.0889714201176726,1.2933070396419035
210300,鞍山市,辽宁省,东部,2021,0.996167065767159,0.6165575801111328
210300,鞍山市,辽宁省,东部,2022,2.3074096015038634,1.4285809526762707
210300,鞍山市,辽宁省,东部,2023,0.5756030969472673,0.35611165723033156
210400,抚顺市,辽宁省,东部,2016,9.535748305071511,5.904930531144126
210400,抚顺市,辽宁省,东部,2017,2.2008196996956673,1.362572194426944
210400,抚顺市,辽宁省,东部,2018,1.8173696332456308,1.1251100867824986
210400,抚顺市,辽宁省,东部,2019,5.95913877401945,3.690015704481816
210400,抚顺市,辽宁省,东部,2020,2.1989345289569857,1.3614047500683568
210400,抚顺市,辽宁省,东部,2021,1.319213422064768,0.8166130119525671
210400,抚顺市,辽宁省,东部,2022,1.3469852658417667,0.8338114978402145
210400,抚顺市,辽宁省,东部,2023,1.3769903934513514,0.8523930067920219
210500,本溪市,辽宁省,东部,2016,12.174126298244445,7.538819409614831
210500,本溪市,辽宁省,东部,2017,2.2286248314332995,1.3797912948091053
210500,本溪市,辽宁省,东部,2018,2.176820062766283,1.3477097524388275
210500,本溪市,辽宁省,东部,2019,2.895240110736804,1.792611328136774
210500,本溪市,辽宁省,东部,2020,0.33346554110198057,0.20616124808523764
210500,本溪市,辽宁省,东部,2021,0.32955524743971426,0.20373969008905077
210500,本溪市,辽宁省,东部,2022,1.3211217389853562,0.8177947902274066
210500,本溪市,辽宁省,东部,2023,0.8803205506557912,0.5448164068827955
210600,丹东市,辽宁省,东部,2016,6.956954134484725,4.307940590320792
210600,丹东市,辽宁省,东部,2017,1.8653465587641982,1.1548211309281229
210600,丹东市,辽宁省,东部,2018,1.831529434751996,1.1338789372893132
210600,丹东市,辽宁省,东部,2019,2.569724831645056,1.5910269472571106
210600,丹东市,辽宁省,东部,2020,0.9030860544883416,0.5589145776608401
210600,丹东市,辽宁省,东部,2021,0.04153191566624276,0.025373239283869527
210600,丹东市,辽宁省,东部,2022,1.0287769248289789,0.6367521413860806
210600,丹东市,辽宁省,东部,2023,0.34556062194581616,0.2136514629544047
210700,锦州市,辽宁省,东部,2016,9.476421065033914,5.868190489368984
210700,锦州市,辽宁省,东部,2017,5.845973291723449,3.6199348353157386
210700,锦州市,辽宁省,东部,2018,3.6965265663514537,2.2888302291758613
210700,锦州市,辽宁省,东部,2019,6.282563436496332,3.8903054129358394
210700,锦州市,辽宁省,东部,2020,3.109957977309173,1.9255813328553342
210700,锦州市,辽宁省,东部,2021,2.4105975421879995,1.4924829519774958
210700,锦州市,辽宁省,东部,2022,2.431147532307915,1.505209104331895
210700,锦州市,辽宁省,东部,2023,1.889422978370053,1.1697311227220173
210800,营口市,辽宁省,东部,2016,8.23052963555093,5.096637605103856
210800,营口市,辽宁省,东部,2017,3.206552255405081,1.9854000233967186
210800,营口市,辽宁省,东部,2018,3.1357168772608364,1.9415332473503637
210800,营口市,辽宁省,东部,2019,3.6091376825021326,2.234712234789598
210800,营口市,辽宁省,东部,2020,2.9248861263190347,1.8109704469878691
210800,营口市,辽宁省,东部,2021,1.7582076938623858,1.0884724120303708
210800,营口市,辽宁省,东部,2022,2.3207162048369887,1.436821436508562
210800,营口市,辽宁省,东部,2023,1.6593027109809406,1.0272227533486034
210900,阜新市,辽宁省,东部,2016,8.94343019130767,5.5381210818917
210900,阜新市,辽宁省,东部,2017,3.721893302547651,2.3045392853692173
210900,阜新市,辽宁省,东部,2018,1.5636050784960933,0.9679593355147811
210900,阜新市,辽宁省,东部,2019,1.723143207010287,1.0667577542955147
210900,阜新市,辽宁省,东部,2020,1.5957757738503455,0.9878819324618429
210900,阜新市,辽宁省,东部,2021,1.2049779356525618,0.7458695130079255
210900,阜新市,辽宁省,东部,2022,1.075555964801484,0.665721361624571
210900,阜新市,辽宁省,东部,2023,1.0392978824485282,0.6432675367122712
211000,辽阳市,辽宁省,东部,2016,11.608449746184672,7.188508487671988
211000,辽阳市,辽宁省,东部,2017,0.9619205306473082,0.5953494617129087
211000,辽阳市,辽宁省,东部,2018,0.5949476434183081,0.3680913051124315
211000,辽阳市,辽宁省,东部,2019,3.5081244681610393,2.1721569952001385
211000,辽阳市,辽宁省,东部,2020,1.2258411100073758,0.758789613401475
211000,辽阳市,辽宁省,东部,2021,1.7310409568361542,1.071648655310767
211000,辽阳市,辽宁省,东部,2022,1.7085800826656683,1.05773913491496
211000,辽阳市,辽宁省,东部,2023,2.236919825507927,1.3849282003626628
211100,盘锦市,辽宁省,东部,2016,7.300984395644785,4.520990888277074
211100,盘锦市,辽宁省,东部,2017,1.8616260513354341,1.1525171033301613
211100,盘锦市,辽宁省,东部,2018,1.048152748340403,0.6487511584444571
211100,盘锦市,辽宁省,东部,2019,1.526906225460377,0.9452325511105582
211100,盘锦市,辽宁省,东部,2020,1.940038605569809,1.2010762561989095
211100,盘锦市,辽宁省,东部,2021,1.2222121462003148,0.756542276734753
211100,盘锦市,辽宁省,东部,2022,2.175182572265376,1.3466956909491712
211100,盘锦市,辽宁省,东部,2023,1.6373748800093801,1.0136433347641072
211200,铁岭市,辽宁省,东部,2016,7.7055312186768745,4.771517748599269
211200,铁岭市,辽宁省,东部,2017,3.4502388025366977,2.136309688433929
211200,铁岭市,辽宁省,东部,2018,2.463010480948078,1.524941120575647
211200,铁岭市,辽宁省,东部,2019,2.1061532206871423,1.3039473470334904
211200,铁岭市,辽宁省,东部,2020,1.3716779588467176,0.8491031340593906
211200,铁岭市,辽宁省,东部,2021,1.0701150698651465,0.6623519362623169
211200,铁岭市,辽宁省,东部,2022,1.4233069704336465,0.8810758339744892
211200,铁岭市,辽宁省,东部,2023,1.4499790171369351,0.8975932399668527
211300,朝阳市,辽宁省,东部,2016,7.022098731964766,4.348283192324943
211300,朝阳市,辽宁省,东部,2017,1.0271503459188225,0.6357448372021705
211300,朝阳市,辽宁省,东部,2018,0.1453016973270722,0.08963555977611347
211300,朝阳市,辽宁省,东部,2019,1.182284554698728,0.7318160063264294
211300,朝阳市,辽宁省,东部,2020,0.5832576060579525,0.3608519246743685
211300,朝阳市,辽宁省,东部,2021,0.18880555400412197,0.11657653175933305
211300,朝阳市,辽宁省,东部,2022,0.5975482871799626,0.369701826019605
211300,朝阳市,辽宁省,东部,2023,0.4265050949986065,0.26377857689973283
211400,葫芦岛市,辽宁省,东部,2016,3.8924104584119084,2.410136771884033
211400,葫芦岛市,辽宁省,东部,2017,-0.12483144786246203,-0.07765189591582096
211400,葫芦岛市,辽宁省,东部,2018,-0.5027197843767063,-0.31166974776725165
211400,葫芦岛市,辽宁省,东部,2019,1.4185750130477588,0.8781454378878765
211400,葫芦岛市,辽宁省,东部,2020,1.9948729029341186,1.2350339183891386
211400,葫芦岛市,辽宁省,东部,2021,-0.019675381646296564,-0.012531080195364733
211400,葫芦岛市,辽宁省,东部,2022,0.871057259162676,0.5390798562491119
211400,葫芦岛市,辽宁省,东部,2023,0.2733236667600198,0.1689167213828534
220100,长春市,吉林省,中部,2016,-0.4379063325964146,-0.27153221693841006
220100,长春市,吉林省,中部,2017,-0.6119969515811035,-0.3793426697776897
220100,长春市,吉林省,中部,2018,-0.7778200734784905,-0.4820332453368052
220100,长春市,吉林省,中部,2019,3.687808488119172,2.283431317002465
220100,长春市,吉林省,中部,2020,-0.05745686962878688,-0.0359283163709241
220100,长春市,吉林省,中部,2021,-0.3061434024399026,-0.18993436146261733
220100,长春市,吉林省,中部,2022,1.9833756441590302,1.2279139214462724
220100,长春市,吉林省,中部,2023,-0.12346820192371152,-0.07680766799104732
220200,吉林市,吉林省,中部,2016,0.572366417086679,0.3541072532969037
220200,吉林市,吉林省,中部,2017,2.93064857975658,1.814539006386361
220200,吉林市,吉林省,中部,2018,1.0881871409030182,0.673543568377244
220200,吉林市,吉林省,中部,2019,7.348995245348839,4.55072294091713
220200,吉林市,吉林省,中部,2020,0.909412450555297,0.5628323742014973
220200,吉林市,吉林省,中部,2021,-0.9249976359191023,-0.5731770401434584
220200,吉林市,吉林省,中部,2022,1.5911282569487053,0.9850038284912429
220200,吉林市,吉林省,中部,2023,0.4402426629939673,0.2722859475732813
220300,四平市,吉林省,中部,2016,1.366250217296226,0.8457418542967831
220300,四平市,吉林省,中部,2017,3.5324092885458316,2.1871960449667163
220300,四平市,吉林省,中部,2018,2.3689932362058603,1.4667183295402992
220300,四平市,吉林省,中部,2019,2.6698085898231696,1.653006595293105
220300,四平市,吉林省,中部,2020,5.137401805131775,3.1811322548896874
220300,四平市,吉林省,中部,2021,-1.2480067757348603,-0.7732094246444624
220300,四平市,吉林省,中部,2022,0.6681645639267185,0.4134329174379268
220300,四平市,吉林省,中部,2023,-0.04616917850812083,-0.02893810002080617
220400,辽源市,吉林省,中部,2016,0.4747140557671097,0.2936333153208795
220400,辽源市,吉林省,中部,2017,2.397943540120825,1.4846466096113904
220400,辽源市,吉林省,中部,2018,2.2866002415116418,1.4156941783219654
220400,辽源市,吉林省,中部,2019,6.738908519899846,4.172909785185436
220400,辽源市,吉林省,中部,2020,0.027143655829676736,0.016462909608461626
220400,辽源市,吉林省,中部,2021,-1.4165774681028827,-0.8776015095575832
220400,辽源市,吉林省,中部,2022,-0.5101139765671325,-0.3162488067256245
220400,辽源市,吉林省,中部,2023,-0.09756908908798204,-0.0607689227718051
220500,通化市,吉林省,中部,2016,1.5156427256333136,0.9382573158911484
220500,通化市,吉林省,中部,2017,3.076690084337522,1.9049792657985343
220500,通化市,吉林省,中部,2018,1.5675160058490327,0.9703812859415242
220500,通化市,吉林省,中部,2019,2.336246583843441,1.4464390552132123
220500,通化市,吉林省,中部,2020,0.3332114350823364,0.2060038858723465
220500,通化市,吉林省,中部,2021,1.4175679683073419,0.877521797452068
220500,通化市,吉林省,中部,2022,0.5968676497009562,0.3692803223495105
220500,通化市,吉林省,中部,2023,0.27686174315256495,0.17110777349286863
220600,白山市,吉林省,中部,2016,0.42148621185621904,0.2606704940662988
220600,白山市,吉林省,中部,2017,2.3228984390863925,1.4381728456999459
220600,白山市,吉林省,中部,2018,1.9762555469376193,1.2235046034130732
220600,白山市,吉林省,中部,2019,4.335756473446467,2.684691109872628
220600,白山市,吉林省,中部,2020,1.0658076118531956,0.6596844232075472
220600,白山市,吉林省,中部,2021,-1.2311585441024746,-0.7627756890852343
220600,白山市,吉林省,中部,2022,1.0161242095376206,0.6289165958916517
220600,白山市,吉林省,中部,2023,0.5173060915531431,0.32000961688278573
220700,松原市,吉林省,中部,2016,1.0425121021098591,0.645258031543262
220700,松原市,吉林省,中部,2017,3.119382046556913,1.93141744958071
220700,松原市,吉林省,中部,2018,1.5886819059901955,0.9834888576893759
220700,松原市,吉林省,中部,2019,10.366587691082767,6.419450905446779
220700,松原市,吉林省,中部,2020,-0.2651046048641786,-0.16451994581850118
220700,松原市,吉林省,中部,2021,-1.1314495122355754,-0.7010281007290692
220700,松原市,吉林省,中部,2022,0.30293288460373446,0.1872530522119632
220700,松原市,吉林省,中部,2023,0.37345868933623794,0.23092811632173313
220800,白城市,吉林省,中部,2016,0.7074738756379861,0.43777630090745706
220800,白城市,吉林省,中部,2017,1.6748011761234711,1.036820608506307
220800,白城市,吉林省,中部,2018,1.2631651794550054,0.7819035804401444
220800,白城市,吉林省,中部,2019,3.948736620973177,2.4450183130483123
220800,白城市,吉林省,中部,2020,0.5095032376420503,0.3151774827993999
220800,白城市,吉林省,中部,2021,-2.0561104768209404,-1.273650094355968
220800,白城市,吉林省,中部,2022,0.41226775699548074,0.25496170976298105
220800,白城市,吉林省,中部,2023,0.048628323807531154,0.029767887196011998
230100,哈尔滨市,黑龙江省,中部,2016,0.2987075183171569,0.18463637673901417
230100,哈尔滨市,黑龙江省,中部,2017,1.5661078483862836,0.969509245307667
230100,哈尔滨市,黑龙江省,中部,2018,-0.0281651900624752,-0.01778862994276063
230100,哈尔滨市,黑龙江省,中部,2019,3.889666106048871,2.4084372554325717
230100,哈尔滨市,黑龙江省,中部,2020,1.2536067690688457,0.7759842692321914
230100,哈尔滨市,黑龙江省,中部,2021,0.9202342824734195,0.5695340942967425
230100,哈尔滨市,黑龙江省,中部,2022,1.1382771871980786,0.704563221275864
230100,哈尔滨市,黑龙江省,中部,2023,0.3603634986974449,0.22281855567441794
230200,齐齐哈尔市,黑龙江省,中部,2016,0.5963456610842305,0.36895706639537384
230200,齐齐哈尔市,黑龙江省,中部,2017,0.9627319174984944,0.5958519355645406
230200,齐齐哈尔市,黑龙江省,中部,2018,0.6419010352845356,0.39716849760540174
230200,齐齐哈尔市,黑龙江省,中部,2019,3.472500207251275,2.1500956818269916
230200,齐齐哈尔市,黑龙江省,中部,2020,-0.0509590670332419,-0.03190437157498101
230200,齐齐哈尔市,黑龙江省,中部,2021,-1.1245212367135415,-0.6967375736128926
230200,齐齐哈尔市,黑龙江省,中部,2022,-0.5450226367191027,-0.33786696444684794
230200,齐齐哈尔市,黑龙江省,中部,2023,0.3890151480087489,0.2405618855842024
230300,鸡西市,黑龙江省,中部,2016,1.1763587629351904,0.728146295131282
230300,鸡西市,黑龙江省,中部,2017,1.3696424454584015,0.8478425858378114
230300,鸡西市,黑龙江省,中部,2018,1.639989813182548,1.0152627047863856
230300,鸡西市,黑龙江省,中部,2019,1.0299610020619328,0.6374854141116643
230300,鸡西市,黑龙江省,中部,2020,0.7432990136929513,0.4599620130340547
230300,鸡西市,黑龙江省,中部,2021,-0.5429110338035492,-0.3365592956714122
230300,鸡西市,黑龙江省,中部,2022,-0.31078520995350456,-0.1928089297360417
230300,鸡西市,黑龙江省,中部,2023,1.1859598722604796,0.7340920488436626
230400,鹤岗市,黑龙江省,中部,2016,1.0027813542396433,0.6206536620228806
230400,鹤岗市,黑龙江省,中部,2017,-0.4639814270848721,-0.2876799436856787
230400,鹤岗市,黑龙江省,中部,2018,1.0209691991090115,0.6319169902996881
230400,鹤岗市,黑龙江省,中部,2019,-0.5893922903955585,-0.3653441052777472
230400,鹤岗市,黑龙江省,中部,2020,1.6058628156680388,0.9941286133715701
230400,鹤岗市,黑龙江省,中部,2021,-0.08495724499439705,-0.05295868790218599
230400,鹤岗市,黑龙江省,中部,2022,-0.9136372851670275,-0.566141827297774
230400,鹤岗市,黑龙江省,中部,2023,1.9940198990455844,1.2345056720308174
230500,双鸭山市,黑龙江省,中部,2016,1.3167593382097857,0.8150932523397043
230500,双鸭山市,黑龙江省,中部,2017,0.05930941970395168,0.03638245259952834
230500,双鸭山市,黑龙江省,中部,2018,-1.1009294594927908,-0.682127710081554
230500,双鸭山市,黑龙江省,中部,2019,3.4919343795584536,2.162130832998335
230500,双鸭山市,黑龙江省,中部,2020,1.0661533534603032,0.6598985333040305
230500,双鸭山市,黑龙江省,中部,2021,-0.7688800786889545,-0.47649690516947285
230500,双鸭山市,黑龙江省,中部,2022,-0.3277432066959082,-0.20331064038942478
230500,双鸭山市,黑龙江省,中部,2023,1.3806324539930013,0.8546484539755251
230600,大庆市,黑龙江省,中部,2016,3.2257584189176653,1.9972939737868833
230600,大庆市,黑龙江省,中部,2017,0.4166753267028046,0.257691219766671
230600,大庆市,黑龙江省,中部,2018,0.4083693547274111,0.25254751584304774
230600,大庆市,黑龙江省,中部,2019,2.298898046471922,1.4233099357328436
230600,大庆市,黑龙江省,中部,2020,3.018866938698396,1.8691706762702607
230600,大庆市,黑龙江省,中部,2021,-0.5299746149238468,-0.3285480588473189
230600,大庆市,黑龙江省,中部,2022,-0.681704442386975,-0.42251097025189216
230600,大庆市,黑龙江省,中部,2023,1.8803891210805315,1.1641366555936399
230700,伊春市,黑龙江省,中部,2016,1.9274471121736692,1.1932786240641187
230700,伊春市,黑龙江省,中部,2017,1.0748526316021263,0.665285802999058
230700,伊春市,黑龙江省,中部,2018,0.18997609920857753,0.11730142440028747
230700,伊春市,黑龙江省,中部,2019,0.26101753051801674,0.16129580459428763
230700,伊春市,黑龙江省,中部,2020,2.552104676648445,1.5801151767070274
230700,伊春市,黑龙江省,中部,2021,-1.7492978050360632,-1.0836478226949886
230700,伊春市,黑龙江省,中部,2022,-0.0880644816661425,-0.05488293054439956
230700,伊春市,黑龙江省,中部,2023,0.291001439585807,0.17986417337454083
230800,佳木斯市,黑龙江省,中部,2016,0.714030523509109,0.4418366872752924
230800,佳木斯市,黑龙江省,中部,2017,-0.6010861396943161,-0.3725858463645787
230800,佳木斯市,黑龙江省,中部,2018,0.6578983747421213,0.40707529454371166
230800,佳木斯市,黑龙江省,中部,2019,4.601918120269495,2.8495191048547284
230800,佳木斯市,黑龙江省,中部,2020,0.8188937972930788,0.5067761831469996
230800,佳木斯市,黑龙江省,中部,2021,0.11479014906330348,0.07074043576352236
230800,佳木斯市,黑龙江省,中部,2022,0.26677056074943895,0.16485852841056772
230800,佳木斯市,黑龙江省,中部,2023,0.3415309420810978,0.21115597173525508
230900,七台河市,黑龙江省,中部,2016,1.1077141466063636,0.6856362092085
230900,七台河市,黑龙江省,中部,2017,0.103832889025675,0.06395484804246104
230900,七台河市,黑龙江省,中部,2018,-0.07544176811628867,-0.04706596446198279
230900,七台河市,黑龙江省,中部,2019,2.593501772505775,1.6057514785171918
230900,七台河市,黑龙江省,中部,2020,3.558897517865498,2.2035996169369847
230900,七台河市,黑龙江省,中部,2021,-1.43980254414745,-0.8919842831969356
230900,七台河市,黑龙江省,中部,2022,-0.9464264565442306,-0.5864474327061384
230900,七台河市,黑龙江省,中部,2023,1.2496248112180568,0.7735183311961032
231000,牡丹江市,黑龙江省,中部,2016,0.3131524174515221,0.19358178187328276
231000,牡丹江市,黑龙江省,中部,2017,1.2586208854771022,0.7790894001330732
231000,牡丹江市,黑龙江省,中部,2018,1.7353537860578656,1.0743194946364176
231000,牡丹江市,黑龙江省,中部,2019,7.10244736042395,4.398041312950395
231000,牡丹江市,黑龙江省,中部,2020,0.913287628609051,0.5652321858814409
231000,牡丹江市,黑龙江省,中部,2021,-0.41703499615009776,-0.25860706194291727
231000,牡丹江市,黑龙江省,中部,2022,-0.02789976361657394,-0.01762425724137658
231000,牡丹江市,黑龙江省,中部,2023,0.3020110495072081,0.18668218021564736
231100,黑河市,黑龙江省,中部,2016,2.407852687998615,1.4907831247561258
231100,黑河市,黑龙江省,中部,2017,0.06124245064103093,0.03757953571574829
231100,黑河市,黑龙江省,中部,2018,-1.2742885037059797,-0.789485114917092
231100,黑河市,黑龙江省,中部,2019,-0.5919579285178231,-0.3669329479701119
231100,黑河市,黑龙江省,中部,2020,0.5539764952015148,0.34271878321344157
231100,黑河市,黑龙江省,中部,2021,-0.8261176724705028,-0.5119428754406349
231100,黑河市,黑龙江省,中部,2022,0.42520747914448764,0.262974992228371
231100,黑河市,黑龙江省,中部,2023,1.0144327525525854,0.6278691141572634
231200,绥化市,黑龙江省,中部,2016,0.3060752993082575,0.1891990798283808
231200,绥化市,黑龙江省,中部,2017,0.006283891155558857,0.003544920754419769
231200,绥化市,黑龙江省,中部,2018,0.11476804903340246,0.07072674970596632
231200,绥化市,黑龙江省,中部,2019,3.8288058058782415,2.3707478235746313
231200,绥化市,黑龙江省,中部,2020,-0.22479916065634992,-0.1395596796233623
231200,绥化市,黑龙江省,中部,2021,-1.8844660607129202,-1.1673545206147606
231200,绥化市,黑龙江省,中部,2022,0.022502579112110878,0.013588793900787457
231200,绥化市,黑龙江省,中部,2023,-0.568951505810959,-0.35268558148532125
310000,上海市,上海市,东部,2016,-0.5735057487369218,-0.3555059229549057
310000,上海市,上海市,东部,2017,-0.15678632056344685,-0.09744083868830718
310000,上海市,上海市,东部,2018,0.06021884183505191,0.03694563752211514
310000,上海市,上海市,东部,2019,-1.3060499721371213,-0.8091542867218232
310000,上海市,上海市,东部,2020,1.2846702563533867,0.7952211968187842
310000,上海市,上海市,东部,2021,-0.6662451034371512,-0.4129373450761266
310000,上海市,上海市,东部,2022,0.7142571804656467,0.4419770508931945
310000,上海市,上海市,东部,2023,0.1401261098963146,0.08643043345814493
320100,南京市,江苏省,东部,2016,-0.18832065648192098,-0.11696935237378991
320100,南京市,江苏省,东部,2017,-1.0767566913246382,-0.6671580517634534
320100,南京市,江苏省,东部,2018,-0.6949821627777419,-0.4307335675196279
320100,南京市,江苏省,东部,2019,-0.4305910781929786,-0.2670020423978834
320100,南京市,江苏省,东部,2020,0.40925479737622633,0.25309585080496994
320100,南京市,江苏省,东部,2021,-0.7502496219043048,-0.46495947716634556
320100,南京市,江苏省,东部,2022,0.5386372455631059,0.3332195266803996
320100,南京市,江苏省,东部,2023,0.27078569960480603,0.16734501470566088
320200,无锡市,江苏省,东部,2016,0.17409557388881658,0.10746696786245614
320200,无锡市,江苏省,东部,2017,-0.7162817504024508,-0.44392392895611477
320200,无锡市,江苏省,东部,2018,-0.22285845383545186,-0.13835784300281642
320200,无锡市,江苏省,东部,2019,0.5253470943738933,0.324989231295342
320200,无锡市,江苏省,东部,2020,1.4258143636015446,0.8826286068605513
320200,无锡市,江苏省,东部,2021,-0.669276271947614,-0.41481448039594476
320200,无锡市,江苏省,东部,2022,0.5866041200991637,0.3629243464758426
320200,无锡市,江苏省,东部,2023,0.5775755697722482,0.35733316583151054
320300,徐州市,江苏省,东部,2016,-0.5033211841672649,-0.3120421812971897
320300,徐州市,江苏省,东部,2017,-0.9487726724440086,-0.5879003920906761
320300,徐州市,江苏省,东部,2018,-0.13100200785464763,-0.0814731866373387
320300,徐州市,江苏省,东部,2019,0.04222987963352917,0.02580547286324043
320300,徐州市,江苏省,东部,2020,0.1912538570743728,0.11809271146063423
320300,徐州市,江苏省,东部,2021,-1.3169101163072765,-0.8158797327436291
320300,徐州市,江苏省,东部,2022,-0.17160088582294014,-0.10661516984157571
320300,徐州市,江苏省,东部,2023,-0.38743685712035825,-0.24027759197718168
320400,常州市,江苏省,东部,2016,-0.3031941299491819,-0.18810794252847018
320400,常州市,江苏省,东部,2017,-1.383980492780149,-0.8574149268960337
320400,常州市,江苏省,东部,2018,-0.6651000084687684,-0.41222821320098413
320400,常州市,江苏省,东部,2019,-0.3407799984311825,-0.21138403589314758
320400,常州市,江苏省,东部,2020,0.3345751403744761,0.20684839826446932
320400,常州市,江苏省,东部,2021,-1.2892176413007042,-0.7987303981722954
320400,常州市,江苏省,东部,2022,-0.486755131452537,-0.30178319287294114
320400,常州市,江苏省,东部,2023,-0.3649109338766145,-0.2263277881353994
320500,苏州市,江苏省,东部,2016,0.23203850790909264,0.1433497396740256
320500,苏州市,江苏省,东部,2017,-0.5197003535138441,-0.32218543700323815
320500,苏州市,江苏省,东部,2018,-0.11006511861957222,-0.06850743625605112
320500,苏州市,江苏省,东部,2019,0.5849297716860367,0.3618874596999628
320500,苏州市,江苏省,东部,2020,1.616763141113589,1.0008789427645837
320500,苏州市,江苏省,东部,2021,-0.6521024837583467,-0.4041791348934187
320500,苏州市,江苏省,东部,2022,0.6811345711927478,0.42146495480349183
320500,苏州市,江苏省,东部,2023,0.7192253131647421,0.44505370510454073
320600,南通市,江苏省,东部,2016,-0.2947611854162502,-0.1828856073207135
320600,南通市,江苏省,东部,2017,-1.1752760232058188,-0.7281688853481597
320600,南通市,江苏省,东部,2018,-0.07954895497341362,-0.04960945403967866
320600,南通市,江苏省,东部,2019,-0.14176676512750908,-0.08813956167271146
320600,南通市,江苏省,东部,2020,0.30266797941974943,0.18708900231650383
320600,南通市,江苏省,东部,2021,-0.47435173891336335,-0.2941020474201281
320600,南通市,江苏省,东部,2022,0.8159015512286101,0.5049231516333067
320600,南通市,江苏省,东部,2023,0.39245670933814514,0.24269316805973312
320700,连云港市,江苏省,东部,2016,-0.24100714773565654,-0.1495969259541765
320700,连云港市,江苏省,东部,2017,-1.4158872885771403,-0.8771740967099259
320700,连云港市,江苏省,东部,2018,-0.08312044561559373,-0.05182119885218089
320700,连云港市,江苏省,东部,2019,-1.0821730856056682,-0.6705123044141679
320700,连云港市,江苏省,东部,2020,0.013053984686424852,0.007737489277546992
320700,连云港市,江苏省,东部,2021,-1.5004598610904967,-0.9295480120513934
320700,连云港市,江苏省,东部,2022,-0.03176439349262415,-0.02001753666920047
320700,连云港市,江苏省,东部,2023,-0.923186311347119,-0.5720553270753832
320800,淮安市,江苏省,东部,2016,-0.5421109100834964,-0.33606379682667586
320800,淮安市,江苏省,东部,2017,-0.18192741729596545,-0.11301016137448448
320800,淮安市,江苏省,东部,2018,-0.1324343078148409,-0.08236017818352706
320800,淮安市,江苏省,东部,2019,-0.47296603354185657,-0.29324391086759444
320800,淮安市,江苏省,东部,2020,-0.4950951330268827,-0.3069479705712133
320800,淮安市,江苏省,东部,2021,-4.4952793063452985,-2.7841731632963147
320800,淮安市,江苏省,东部,2022,3.070947201254382,1.901422825885762
320800,淮安市,江苏省,东部,2023,-2.0518828707402603,-1.2710320318282893
320900,盐城市,江苏省,东部,2016,-0.26524464726410363,-0.16460667096567264
320900,盐城市,江苏省,东部,2017,-0.7320263873119434,-0.45367423282028635
320900,盐城市,江苏省,东部,2018,-0.8135857172094698,-0.5041821139502504
320900,盐城市,江苏省,东部,2019,0.4610192923674915,0.28515245258255195
320900,盐城市,江苏省,东部,2020,-0.6695118950135736,-0.4149603965262258
320900,盐城市,江苏省,东部,2021,-1.3157873994136835,-0.8151844591130654
320900,盐城市,江苏省,东部,2022,-0.4208409984863002,-0.2609640346377494
320900,盐城市,江苏省,东部,2023,-0.22269247184112384,-0.13825505404109042
321000,扬州市,江苏省,东部,2016,-0.6574082180539493,-0.40746485827351725
321000,扬州市,江苏省,东部,2017,-0.8711218359442052,-0.539812954093061
321000,扬州市,江苏省,东部,2018,-0.43178206163221405,-0.2677395919835928
321000,扬州市,江苏省,东部,2019,0.18042930580571315,0.11138930733201294
321000,扬州市,江苏省,东部,2020,0.4151630042082861,0.25675467204271
321000,扬州市,江苏省,东部,2021,-0.499278921528962,-0.30953889784589095
321000,扬州市,江苏省,东部,2022,0.26841798485917284,0.16587874156349114
321000,扬州市,江苏省,东部,2023,0.3196861783733669,0.19762799486187363
321100,镇江市,江苏省,东部,2016,-0.46811511135474415,-0.2902398425224374
321100,镇江市,江苏省,东部,2017,0.9935860631142202,0.6149592225062512
321100,镇江市,江苏省,东部,2018,0.15118476835416594,0.09327881496824077
321100,镇江市,江苏省,东部,2019,0.3385713606505459,0.209323168703688
321100,镇江市,江苏省,东部,2020,0.3933267080281791,0.24323193892107625
321100,镇江市,江苏省,东部,2021,-1.1584769792900007,-0.7177656106490756
321100,镇江市,江苏省,东部,2022,0.06028893323835581,0.036989043571070586
321100,镇江市,江苏省,东部,2023,-0.06016539160040042,-0.037605643856964445
321200,泰州市,江苏省,东部,2016,-0.9513089936188521,-0.5894710794487915
321200,泰州市,江苏省,东部,2017,-1.3597755705198216,-0.8424253562629661
321200,泰州市,江苏省,东部,2018,-1.2107229706144844,-0.7501203924091718
321200,泰州市,江苏省,东部,2019,0.7011762233730228,0.4338763047648175
321200,泰州市,江苏省,东部,2020,-0.19205394870572307,-0.11928129731129895
321200,泰州市,江苏省,东部,2021,-0.37771024369810297,-0.2342541163656774
321200,泰州市,江苏省,东部,2022,-0.44224892777349506,-0.2742214896589574
321200,泰州市,江苏省,东部,2023,-0.23666070699894537,-0.14690527176398066
321300,宿迁市,江苏省,东部,2016,-0.3891845514870871,-0.2413599002727152
321300,宿迁市,江苏省,东部,2017,-0.6819254541471123,-0.4226478379250739
321300,宿迁市,江苏省,东部,2018,0.21892473241655463,0.13522866983965665
321300,宿迁市,江苏省,东部,2019,-1.1747594612215118,-0.7278489899869248
321300,宿迁市,江苏省,东部,2020,-0.1009204966203095,-0.06284437500361648
321300,宿迁市,江苏省,东部,2021,-1.0442795716520064,-0.6470456930433671
321300,宿迁市,江苏省,东部,2022,-1.1825462757772078,-0.7326711912538347
321300,宿迁市,江苏省,东部,2023,-0.5145295528104107,-0.3189832749991623
330100,杭州市,浙江省,东部,2016,-0.7041581269314225,-0.4364160382720141
330100,杭州市,浙江省,东部,2017,-0.6755415545794579,-0.4186944307438987
330100,杭州市,浙江省,东部,2018,-0.13689452539219907,-0.08512229184353415
330100,杭州市,浙江省,东部,2019,-0.8866310463749096,-0.5494174635690194
330100,杭州市,浙江省,东部,2020,1.1070500093023457,0.6852249237302174
330100,杭州市,浙江省,东部,2021,-0.8880098696830309,-0.5502713382125864
330100,杭州市,浙江省,东部,2022,0.3817477025918198,0.23606131808692224
330100,杭州市,浙江省,东部,2023,-0.13672938999711767,-0.08502002716191404
330200,宁波市,浙江省,东部,2016,-0.24716594053426047,-0.15341092951412238
330200,宁波市,浙江省,东部,2017,-1.2787967983269313,-0.7922770016221442
330200,宁波市,浙江省,东部,2018,-0.5024549632508445,-0.31150574992712055
330200,宁波市,浙江省,东部,2019,-0.8056644065155987,-0.4992766222128583
330200,宁波市,浙江省,东部,2020,0.9754083410950005,0.6037021630856574
330200,宁波市,浙江省,东部,2021,-1.640290001978255,-1.0161417119164926
330200,宁波市,浙江省,东部,2022,-0.1748981928246781,-0.10865711881665956
330200,宁波市,浙江省,东部,2023,0.07624877408100053,0.046872618450195386
330300,温州市,浙江省,东部,2016,-0.7708684380203046,-0.47772825193112073
330300,温州市,浙江省,东部,2017,0.1826251337456382,0.11274913479394691
330300,温州市,浙江省,东部,2018,-0.582231366590408,-0.3609095042482181
330300,温州市,浙江省,东部,2019,-0.14927363788726752,-0.09278840120442448
330300,温州市,浙江省,东部,2020,2.5333128608547506,1.5684778226542584
330300,温州市,浙江省,东部,2021,-2.4633276466291205,-1.525830641113694
330300,温州市,浙江省,东部,2022,0.42941964674420025,0.2655834940477591
330300,温州市,浙江省,东部,2023,-0.2621449262995582,-0.1626870826339634
330400,嘉兴市,浙江省,东部,2016,-0.5854205078605299,-0.36288446858866036
330400,嘉兴市,浙江省,东部,2017,-1.384040105109562,-0.8574518434873257
330400,嘉兴市,浙江省,东部,2018,-0.9525763527057367,-0.5902559267763722
330400,嘉兴市,浙江省,东部,2019,-0.5960333404399653,-0.3694567600364667
330400,嘉兴市,浙江省,东部,2020,1.111955067417667,0.6882625172530613
330400,嘉兴市,浙江省,东部,2021,-1.500035716065549,-0.9292853484600074
330400,嘉兴市,浙江省,东部,2022,0.09897419149990007,0.0609459646028028
330400,嘉兴市,浙江省,东部,2023,0.02065371747312547,0.012443834961019886
330500,湖州市,浙江省,东部,2016,-0.4510061267859676,-0.27964462846244104
330500,湖州市,浙江省,东部,2017,-0.5766877891707815,-0.3574764899051988
330500,湖州市,浙江省,东部,2018,-1.0543786886370767,-0.653299851835996
330500,湖州市,浙江省,东部,2019,-1.421170086107888,-0.8804456158610998
330500,湖州市,浙江省,东部,2020,0.8809793710607629,0.545224399723616
330500,湖州市,浙江省,东部,2021,-1.3410269883021086,-0.8308147758033501
330500,湖州市,浙江省,东部,2022,0.09704442988260195,0.05975090610369396
330500,湖州市,浙江省,东部,2023,0.1438970102563542,0.08876566827894493
330600,绍兴市,浙江省,东部,2016,-0.12301573327541207,-0.076527464208941
330600,绍兴市,浙江省,东部,2017,0.5598150924107838,0.34633449675819494
330600,绍兴市,浙江省,东部,2018,0.01370034818897539,0.008137767835433475
330600,绍兴市,浙江省,东部,2019,0.4118551945878747,0.2547062190292019
330600,绍兴市,浙江省,东部,2020,0.7833496562654136,0.4847644862369391
330600,绍兴市,浙江省,东部,2021,-0.7348151829101804,-0.45540127197998154
330600,绍兴市,浙江省,东部,2022,0.21640088036480667,0.1336657043324674
330600,绍兴市,浙江省,东部,2023,0.2731522425651456,0.16881056218722998
330700,金华市,浙江省,东部,2016,-0.3610476780503921,-0.22393535962610878
330700,金华市,浙江省,东部,2017,0.5761979967577626,0.35648006546701627
330700,金华市,浙江省,东部,2018,-0.6669388806076261,-0.4133669858652436
330700,金华市,浙江省,东部,2019,-0.3958097337030586,-0.24546272843779543
330700,金华市,浙江省,东部,2020,1.770435088522548,1.0960445659065805
330700,金华市,浙江省,东部,2021,-1.1770959693484655,-0.7292959375634148
330700,金华市,浙江省,东部,2022,0.2784796358326205,0.17210969848744562
330700,金华市,浙江省,东部,2023,-0.3796491619338211,-0.2354548453551555
330800,衢州市,浙江省,东部,2016,-0.5899555212011774,-0.3656929016032525
330800,衢州市,浙江省,东部,2017,-0.18679333294344375,-0.11602351483655994
330800,衢州市,浙江省,东部,2018,-0.9644324863666215,-0.5975981669634522
330800,衢州市,浙江省,东部,2019,-0.2703501435204992,-0.16776839137646435
330800,衢州市,浙江省,东部,2020,0.34586403541482,0.21383936017529814
330800,衢州市,浙江省,东部,2021,-1.3078910244140698,-0.8102944094971697
330800,衢州市,浙江省,东部,2022,-0.2646459993761589,-0.16423594162788865
330800,衢州市,浙江省,东部,2023,-0.2376843957780558,-0.14753921948319748
330900,舟山市,浙江省,东部,2016,-1.212991330830887,-0.7515251374985926
330900,舟山市,浙江省,东部,2017,2.1942069125159804,1.3584770422324737
330900,舟山市,浙江省,东部,2018,-0.7441337181299358,-0.4611720338263103
330900,舟山市,浙江省,东部,2019,-0.3716307755471211,-0.23048923679777272
330900,舟山市,浙江省,东部,2020,-1.0973056086222908,-0.6798835397428583
330900,舟山市,浙江省,东部,2021,-1.4724689576790002,-0.9122138673986055
330900,舟山市,浙江省,东部,2022,-1.2821552485168735,-0.7943568152153607
330900,舟山市,浙江省,东部,2023,-0.9054606474397204,-0.5610782172007748
331000,台州市,浙江省,东部,2016,-0.5470134171071328,-0.3390998105151129
331000,台州市,浙江省,东部,2017,-0.883789649744885,-0.5476578497588929
331000,台州市,浙江省,东部,2018,-0.6074736613263299,-0.3765414966097459
331000,台州市,浙江省,东部,2019,0.4111008942531087,0.2542390975889875
331000,台州市,浙江省,东部,2020,1.3819850469929236,0.855486084771942
331000,台州市,浙江省,东部,2021,-0.49792110765763953,-0.30869803387979977
331000,台州市,浙江省,东部,2022,0.576134408534524,0.3564406866930043
331000,台州市,浙江省,东部,2023,0.5350879217485627,0.3310215092918073
331100,丽水市,浙江省,东部,2016,-0.58606142737301,-0.3632813758044368
331100,丽水市,浙江省,东部,2017,0.08853748136103455,0.05448274186980561
331100,丽水市,浙江省,东部,2018,-0.9506907065410594,-0.5890881879970277
331100,丽水市,浙江省,东部,2019,-0.2086534507178593,-0.12956100014234198
331100,丽水市,浙江省,东部,2020,0.9340925612931291,0.5781162185021673
331100,丽水市,浙江省,东部,2021,-0.8131687207709921,-0.5039238773196563
331100,丽水市,浙江省,东部,2022,-0.20373745664027543,-0.126516634221016
331100,丽水市,浙江省,东部,2023,-0.35757632658693944,-0.22178562878235752
340100,合肥市,安徽省,中部,2016,-0.7972628431722515,-0.4940737206786647
340100,合肥市,安徽省,中部,2017,-1.209767457263449,-0.7495286642180153
340100,合肥市,安徽省,中部,2018,-1.4083474825548985,-0.8725048623403835
340100,合肥市,安徽省,中部,2019,-1.986856994079789,-1.2307629509902624
340100,合肥市,安徽省,中部,2020,0.4200454611181058,0.25977826914108226
340100,合肥市,安徽省,中部,2021,-1.2605102162296706,-0.780952527573593
340100,合肥市,安徽省,中部,2022,-0.2359211977766602,-0.14644731013113474
340100,合肥市,安徽省,中部,2023,-0.11429308193093979,-0.0711257200087586
340200,芜湖市,安徽省,中部,2016,-0.6769603265153351,-0.41957304468515905
340200,芜湖市,安徽省,中部,2017,-0.9321163438755216,-0.5775854978357114
340200,芜湖市,安徽省,中部,2018,-1.2709059621388534,-0.7873903820691857
340200,芜湖市,安徽省,中部,2019,-0.6195248409721501,-0.384004524442266
340200,芜湖市,安徽省,中部,2020,-0.4567762492862739,-0.283217937141129
340200,芜湖市,安徽省,中部,2021,-1.7697608121614712,-1.096320108413254
340200,芜湖市,安徽省,中部,2022,-0.5244211023806603,-0.325108891902992
340200,芜湖市,安徽省,中部,2023,-0.28591281672002916,-0.1774060091574581
340300,蚌埠市,安徽省,中部,2016,-1.6249782386744471,-1.0066594770598485
340300,蚌埠市,安徽省,中部,2017,-1.403382459768744,-0.8694301340290336
340300,蚌埠市,安徽省,中部,2018,-1.3043490438180758,-0.8081009396006922
340300,蚌埠市,安徽省,中部,2019,-2.3811869920778177,-1.4749627585400231
340300,蚌埠市,安徽省,中部,2020,0.07808726062985297,0.0480111523271307
340300,蚌埠市,安徽省,中部,2021,0.9363147879167708,0.5794923940824689
340300,蚌埠市,安徽省,中部,2022,-0.018828813852173498,-0.012006819567331784
340300,蚌埠市,安徽省,中部,2023,-0.5505365286527523,-0.34128159522787754
340400,淮南市,安徽省,中部,2016,-0.04894605377784595,-0.03065775718586911
340400,淮南市,安徽省,中部,2017,-0.5348336485334234,-0.3315571504162093
340400,淮南市,安徽省,中部,2018,0.10716443216140477,0.06601799869475558
340400,淮南市,安徽省,中部,2019,-0.9847521320149892,-0.6101816721038233
340400,淮南市,安徽省,中部,2020,-0.04307836489013128,-0.027024027810938434
340400,淮南市,安徽省,中部,2021,-0.29062331767448396,-0.18032311775274834
340400,淮南市,安徽省,中部,2022,0.09118734111612185,0.0561237411483576
340400,淮南市,安徽省,中部,2023,0.416719462303777,0.25771855196386184
340500,马鞍山市,安徽省,中部,2016,0.12427953377062612,0.07661700090200674
340500,马鞍山市,安徽省,中部,2017,-1.422565694139791,-0.881309884911225
340500,马鞍山市,安徽省,中部,2018,-1.455644137075595,-0.901794629769539
340500,马鞍山市,安徽省,中部,2019,-0.7594751104141967,-0.47067261725232856
340500,马鞍山市,安徽省,中部,2020,-0.5459290016023045,-0.33842825608372934
340500,马鞍山市,安徽省,中部,2021,-1.1686608513586771,-0.7240722563821111
340500,马鞍山市,安徽省,中部,2022,0.07488311103193263,0.04602689366269933
340500,马鞍山市,安徽省,中部,2023,0.20982561817791623,0.1295937905324022
340600,淮北市,安徽省,中部,2016,0.9585502954612795,0.5932623499334245
340600,淮北市,安徽省,中部,2017,-1.523526013414281,-0.9438323677610235
340600,淮北市,安徽省,中部,2018,-0.2648601068980407,-0.1643685336596994
340600,淮北市,安徽省,中部,2019,-0.6801484074450757,-0.421547352380359
340600,淮北市,安徽省,中部,2020,-0.8511177603093126,-0.5274248744515115
340600,淮北市,安徽省,中部,2021,-0.7209344061884869,-0.44680521532365863
340600,淮北市,安徽省,中部,2022,-0.45263633556418875,-0.2806541805430046
340600,淮北市,安徽省,中部,2023,-0.0017266758844229,-0.0014158454552505903
340700,铜陵市,安徽省,中部,2016,-0.09378497063575204,-0.058425502280157186
340700,铜陵市,安徽省,中部,2017,-1.7268565650501908,-1.069750461313531
340700,铜陵市,安徽省,中部,2018,-0.8508692564343396,-0.5272709815223611
340700,铜陵市,安徽省,中部,2019,3.8496659536958133,2.3836660497009023
340700,铜陵市,安徽省,中部,2020,-1.4822509417813092,-0.9182716328421836
340700,铜陵市,安徽省,中部,2021,-1.7076531129137362,-1.057858190018369
340700,铜陵市,安徽省,中部,2022,-0.18495005207599446,-0.11488201194462545
340700,铜陵市,安徽省,中部,2023,0.17831534421104595,0.11008017787900111
340800,安庆市,安徽省,中部,2016,-0.5931456628124124,-0.36766848543272307
340800,安庆市,安徽省,中部,2017,-0.5259545205510994,-0.32605850371040107
340800,安庆市,安徽省,中部,2018,-1.1203173647942177,-0.6941342091240772
340800,安庆市,安徽省,中部,2019,-2.15740386959271,-1.3363788422232608
340800,安庆市,安徽省,中部,2020,-0.18622529143401712,-0.11567173934905835
340800,安庆市,安徽省,中部,2021,-0.2231241621227395,-0.13852239024230983
340800,安庆市,安徽省,中部,2022,0.24348221359004432,0.15043657237539787
340800,安庆市,安徽省,中部,2023,0.26451862340953636,0.16346395364372213
341000,黄山市,安徽省,中部,2016,-0.6491429805204845,-0.4023463802848473
341000,黄山市,安徽省,中部,2017,0.1272791963098951,0.07847462527378322
341000,黄山市,安徽省,中部,2018,-0.8813025947801604,-0.546117671870234
341000,黄山市,安徽省,中部,2019,-1.9657003777110877,-1.217661128476453
341000,黄山市,安徽省,中部,2020,-0.03138973703284703,-0.019785520246814806
341000,黄山市,安徽省,中部,2021,-0.8926020068046592,-0.5531151467157106
341000,黄山市,安徽省,中部,2022,0.18028362136704984,0.11129908819559119
341000,黄山市,安徽省,中部,2023,0.35892218930147846,0.22192598478480374
341100,滁州市,安徽省,中部,2016,-0.8003301352805677,-0.49597322654013215
341100,滁州市,安徽省,中部,2017,-1.5918011087445674,-0.9861136175384774
341100,滁州市,安徽省,中部,2018,-1.813161592145406,-1.1231972472903204
341100,滁州市,安徽省,中部,2019,-6.680971408793948,-4.137723726253131
341100,滁州市,安徽省,中部,2020,-0.504584330320003,-0.31282441964824564
341100,滁州市,安徽省,中部,2021,-1.3561918930751407,-0.8402060644344101
341100,滁州市,安徽省,中部,2022,-0.6792745034161147,-0.4210061630293772
341100,滁州市,安徽省,中部,2023,-0.31649881101967725,-0.1963472359462186
341200,阜阳市,安徽省,中部,2016,-1.4805144061652014,-0.9171962349130133
341200,阜阳市,安徽省,中部,2017,-1.4697373967929384,-0.9105222724246668
341200,阜阳市,安徽省,中部,2018,-1.4572101346696342,-0.9027644172902177
341200,阜阳市,安徽省,中部,2019,-5.735026533346676,-3.5519210794606826
341200,阜阳市,安徽省,中部,2020,0.2711261022948511,0.1675558185294137
341200,阜阳市,安徽省,中部,2021,-0.422252281135213,-0.2618380106299704
341200,阜阳市,安徽省,中部,2022,0.06900033939277321,0.042383823874868734
341200,阜阳市,安徽省,中部,2023,0.37413992638979565,0.23134999129502742
341300,宿州市,安徽省,中部,2016,-0.7981487385446457,-0.49462233600224187
341300,宿州市,安徽省,中部,2017,-0.8142926382841754,-0.5046198944672601
341300,宿州市,安徽省,中部,2018,-1.3754281728829953,-0.8521186651771895
341300,宿州市,安徽省,中部,2019,-2.6189639730939014,-1.622212760565436
341300,宿州市,安徽省,中部,2020,-0.669276722410641,-0.41481475935769013
341300,宿州市,安徽省,中部,2021,-0.6258688042386411,-0.38793319995933284
341300,宿州市,安徽省,中部,2022,-0.13991516022903888,-0.08699290389328765
341300,宿州市,安徽省,中部,2023,-0.18147116669631275,-0.11272761551392275
341400,巢湖市,安徽省,中部,2016,-1.764639515863525,-1.0931486033877347
341400,巢湖市,安徽省,中部,2017,-1.6581623363565587,-1.027209651555385
341400,巢湖市,安徽省,中部,2018,-1.563328818124521,-0.9684813604816583
341400,巢湖市,安徽省,中部,2019,-1.4786045176555107,-0.9160134833879561
341400,巢湖市,安徽省,中部,2020,-1.4028543434956404,-0.8691030833534306
341400,巢湖市,安徽省,中部,2021,-1.3348481570384056,-0.8269883628671314
341400,巢湖市,安徽省,中部,2022,-1.2735721645563463,-0.789041501995506
341400,巢湖市,安徽省,中部,2023,-1.2185322128540361,-0.7549564826424529
341500,六安市,安徽省,中部,2016,-0.37563561484140384,-0.23296934480349551
341500,六安市,安徽省,中部,2017,-0.31593032433003615,-0.19599518476850009
341500,六安市,安徽省,中部,2018,-1.0445996302219192,-0.6472438982054755
341500,六安市,安徽省,中部,2019,-2.7086077181636536,-1.6777271404128011
341500,六安市,安徽省,中部,2020,-0.6054394496626764,-0.37528175451733187
341500,六安市,安徽省,中部,2021,-1.6004606899872966,-0.9914763038257797
341500,六安市,安徽省,中部,2022,-0.08280004286963753,-0.05162278054949495
341500,六安市,安徽省,中部,2023,-0.24490807746000387,-0.15201268507163407
341600,亳州市,安徽省,中部,2016,-0.9462308462810679,-0.5863262956157278
341600,亳州市,安徽省,中部,2017,-1.203868869247072,-0.7458757996991416
341600,亳州市,安徽省,中部,2018,-1.0533524865244415,-0.652664347665162
341600,亳州市,安徽省,中部,2019,-4.077663236957653,-2.5255528090450503
341600,亳州市,安徽省,中部,2020,0.10913876104064654,0.06724065670910524
341600,亳州市,安徽省,中部,2021,-0.9191339857389679,-0.5695458118504105
341600,亳州市,安徽省,中部,2022,-0.3632870015687012,-0.225322122933463
341600,亳州市,安徽省,中部,2023,-0.2717509499258082,-0.16863587966375576
341700,池州市,安徽省,中部,2016,0.1669921870069512,0.10306799817131009
341700,池州市,安徽省,中部,2017,0.022068456174682526,0.013319951209865753
341700,池州市,安徽省,中部,2018,-0.4312869503349416,-0.26743298055630227
341700,池州市,安徽省,中部,2019,-1.9860529600188754,-1.230265030558301
341700,池州市,安徽省,中部,2020,-0.626801140385388,-0.3885105750227649
341700,池州市,安徽省,中部,2021,-1.6269727397233225,-1.0078946272507188
341700,池州市,安徽省,中部,2022,-0.28351751682531845,-0.1759226531452806
341700,池州市,安徽省,中部,2023,0.20052115133054144,0.12383174091655376
341800,宣城市,安徽省,中部,2016,-0.3940255852306089,-0.24435784492443258
341800,宣城市,安徽省,中部,2017,-0.9245919686059985,-0.5729258193885269
341800,宣城市,安徽省,中部,2018,-1.0752568884268379,-0.6662292571476117
341800,宣城市,安徽省,中部,2019,-1.670622846090529,-1.0349261684180526
341800,宣城市,安徽省,中部,2020,0.01694843906151905,0.010149238355064753
341800,宣城市,安徽省,中部,2021,-1.23303359400439,-0.7639368658344509
341800,宣城市,安徽省,中部,2022,0.24711163857265162,0.15268419463789037
341800,宣城市,安徽省,中部,2023,0.577815897175616,0.3574819952534396
350100,福州市,福建省,东部,2016,-0.670043408213916,-0.41528955084340363
350100,福州市,福建省,东部,2017,-1.3436807545580716,-0.8324581942911097
350100,福州市,福建省,东部,2018,-1.0207437242167963,-0.6324704655857097
350100,福州市,福建省,东部,2019,-2.0744574013915975,-1.2850119371577597
350100,福州市,福建省,东部,2020,0.11619429856588254,0.07160999435668476
350100,福州市,福建省,东部,2021,-1.1273211367288865,-0.6984714894914132
350100,福州市,福建省,东部,2022,-0.34676876928459377,-0.21509274863954625
350100,福州市,福建省,东部,2023,-0.188945082925555,-0.1173560457984306
350200,厦门市,福建省,东部,2016,-0.45846243714955404,-0.2842621558254701
350200,厦门市,福建省,东部,2017,-1.282027715889707,-0.7942778370925487
350200,厦门市,福建省,东部,2018,-0.7931826782040738,-0.491546965156491
350200,厦门市,福建省,东部,2019,-1.8962759322123968,-1.1746681116730142
350200,厦门市,福建省,东部,2020,1.2337080507623623,0.7636614350435674
350200,厦门市,福建省,东部,2021,-0.6175114529755983,-0.38275767798428134
350200,厦门市,福建省,东部,2022,-0.5841591259529084,-0.3621033227954117
350200,厦门市,福建省,东部,2023,0.2681327504049684,0.16570210220260836
350300,莆田市,福建省,东部,2016,-0.5163816102544636,-0.320130213030012
350300,莆田市,福建省,东部,2017,-1.47851829758473,-0.9159600892135374
350300,莆田市,福建省,东部,2018,-0.9558292774632584,-0.5922703908135836
350300,莆田市,福建省,东部,2019,-1.3791748302811064,-0.854438886870235
350300,莆田市,福建省,东部,2020,0.8082611726770047,0.5001916349305915
350300,莆田市,福建省,东部,2021,-0.668333607856824,-0.41423070946620655
350300,莆田市,福建省,东部,2022,-0.5783034735848422,-0.3584770473697029
350300,莆田市,福建省,东部,2023,0.45966462308339295,0.2843135359894702
350400,三明市,福建省,东部,2016,-0.17942356237939017,-0.11145957964886272
350400,三明市,福建省,东部,2017,-1.4228791723816332,-0.881504015022344
350400,三明市,福建省,东部,2018,-1.158559084057177,-0.7178164563073951
350400,三明市,福建省,东部,2019,-0.9463599040579829,-0.5864062182298972
350400,三明市,福建省,东部,2020,-0.4366910758129236,-0.27077963540984595
350400,三明市,福建省,东部,2021,-0.7311047818675124,-0.45310350304241137
350400,三明市,福建省,东部,2022,-0.0053039416281908626,-0.0036311666598698115
350400,三明市,福建省,东部,2023,0.8900016455607755,0.5508116938877674
350500,泉州市,福建省,东部,2016,-0.3960766428033924,-0.24562801931413172
350500,泉州市,福建省,东部,2017,-1.1616709128694753,-0.7197435427602368
350500,泉州市,福建省,东部,2018,-1.2789954330371986,-0.7924000116854574
350500,泉州市,福建省,东部,2019,-1.564570340091674,-0.9692502074549719
350500,泉州市,福建省,东部,2020,0.3936303780294641,0.24341999500671244
350500,泉州市,福建省,东部,2021,-1.0692029509437027,-0.6624801881551298
350500,泉州市,福建省,东部,2022,-0.42814672883895327,-0.26548831114520716
350500,泉州市,福建省,东部,2023,0.30672151047811447,0.18959926405001432
350600,漳州市,福建省,东部,2016,-1.0040897177303243,-0.622157009344551
350600,漳州市,福建省,东部,2017,-1.508374929005132,-0.9344496377742908
350600,漳州市,福建省,东部,2018,-1.4070814461802643,-0.8717208341391148
350600,漳州市,福建省,东部,2019,-1.8243971487069217,-1.130155177866148
350600,漳州市,福建省,东部,2020,1.2957600681705723,0.8020888709122305
350600,漳州市,福建省,东部,2021,-1.1584990024906392,-0.7177792491279762
350600,漳州市,福建省,东部,2022,-1.2891017344130584,-0.7986586196116978
350600,漳州市,福建省,东部,2023,0.4259894605703952,0.26345925595338204
350700,南平市,福建省,东部,2016,0.013108736426790668,0.007771395814022092
350700,南平市,福建省,东部,2017,-0.7462411697331973,-0.46247713178626687
350700,南平市,福建省,东部,2018,-0.639299095293913,-0.3962502808501736
350700,南平市,福建省,东部,2019,-0.7134259912835299,-0.44215542077568354
350700,南平市,福建省,东部,2020,0.6549102377196194,0.4052248076684247
350700,南平市,福建省,东部,2021,0.0690246073919257,0.042398852507619836
350700,南平市,福建省,东部,2022,0.24278012801204454,0.15000178637407555
350700,南平市,福建省,东部,2023,0.3214068801214208,0.19869358722831443
350800,龙岩市,福建省,东部,2016,-0.5663301166842952,-0.3510622134344647
350800,龙岩市,福建省,东部,2017,-1.5619418910983238,-0.9676224673855145
350800,龙岩市,福建省,东部,2018,-1.4718864398103324,-0.9118531270234244
350800,龙岩市,福建省,东部,2019,-1.1482893782087673,-0.7114566556214053
350800,龙岩市,福建省,东部,2020,-0.6114985312457536,-0.37903400913662955
350800,龙岩市,福建省,东部,2021,-0.46719816915447854,-0.28967200058807807
350800,龙岩市,福建省,东部,2022,-0.6920643361278161,-0.4289266222961021
350800,龙岩市,福建省,东部,2023,0.15966920314929167,0.0985330369514959
350900,宁德市,福建省,东部,2016,0.12594737116221827,0.07764985554689514
350900,宁德市,福建省,东部,2017,-1.0018533179387061,-0.6207720566361845
350900,宁德市,福建省,东部,2018,-0.6215604116910715,-0.38526510816741544
350900,宁德市,福建省,东部,2019,-3.065441739751383,-1.898706522760898
350900,宁德市,福建省,东部,2020,-0.20679650992969084,-0.12841103796496714
350900,宁德市,福建省,东部,2021,-2.4614248771019627,-1.524652298216368
350900,宁德市,福建省,东部,2022,-1.310446135634758,-0.8118767331132478
350900,宁德市,福建省,东部,2023,-0.9224238015716498,-0.5715831217109175
360100,南昌市,江西省,中部,2016,-0.7344650680345922,-0.4551844536154822
360100,南昌市,江西省,中部,2017,-0.5642473491003188,-0.3497724017392853
360100,南昌市,江西省,中部,2018,-1.2913537571826974,-0.8000532472832813
360100,南昌市,江西省,中部,2019,-0.43576552367115895,-0.2702064615299898
360100,南昌市,江西省,中部,2020,0.8270388420181256,0.5118202283995512
360100,南昌市,江西省,中部,2021,-1.3907115789789826,-0.861583339044998
360100,南昌市,江西省,中部,2022,-0.2763252641241876,-0.17146865082645582
360100,南昌市,江西省,中部,2023,0.4559059748066553,0.2819858886116738
360200,景德镇市,江西省,中部,2016,-0.5714405992643141,-0.354227021764703
360200,景德镇市,江西省,中部,2017,1.384800426705168,0.8572295868828643
360200,景德镇市,江西省,中部,2018,0.752161050284254,0.465450075421096
360200,景德镇市,江西省,中部,2019,0.04490701239729794,0.027463361710187248
360200,景德镇市,江西省,中部,2020,0.2832316736353449,0.17505252993011028
360200,景德镇市,江西省,中部,2021,0.18399446488062415,0.1135971311455639
360200,景德镇市,江西省,中部,2022,-0.847754793501582,-0.5253422638172373
360200,景德镇市,江西省,中部,2023,1.0906575608020923,0.6750734445393006
360300,萍乡市,江西省,中部,2016,-0.4301133911335928,-0.2667062214140291
360300,萍乡市,江西省,中部,2017,3.0633757835882993,1.8967340151274552
360300,萍乡市,江西省,中部,2018,-0.6830113932011339,-0.4233203358566266
360300,萍乡市,江西省,中部,2019,2.2031347185036902,1.3640058341456145
360300,萍乡市,江西省,中部,2020,0.21692336410060226,0.13398926690284482
360300,萍乡市,江西省,中部,2021,-0.9337854618803063,-0.5786191455359007
360300,萍乡市,江西省,中部,2022,0.6102756104483478,0.3775835745767584
360300,萍乡市,江西省,中部,2023,1.1697308874368872,0.7240417990762862
360400,九江市,江西省,中部,2016,-0.5577755953794585,-0.3457645884327475
360400,九江市,江西省,中部,2017,-2.289923363453398,-1.418445220793662
360400,九江市,江西省,中部,2018,-0.27183017397819575,-0.16868494135940298
360400,九江市,江西省,中部,2019,-1.6950694518313383,-1.0500654082614802
360400,九江市,江西省,中部,2020,-0.6126540744557881,-0.3797496113757148
360400,九江市,江西省,中部,2021,-1.595746048101374,-0.9885566308436241
360400,九江市,江西省,中部,2022,-0.634532661034083,-0.39329853400144693
360400,九江市,江西省,中部,2023,1.1003694103783013,0.6810877772289337
360500,新余市,江西省,中部,2016,-0.13987970502139443,-0.08697094727084613
360500,新余市,江西省,中部,2017,1.1585623263291358,0.7171253572966418
360500,新余市,江西省,中部,2018,0.9030192163787462,0.558873186304405
360500,新余市,江西省,中部,2019,1.5096466315320054,0.9345440680200162
360500,新余市,江西省,中部,2020,0.33785132619419245,0.2088772673607433
360500,新余市,江西省,中部,2021,-1.150130044554483,-0.7125965393981128
360500,新余市,江西省,中部,2022,-0.5256897501595609,-0.3258945372889094
360500,新余市,江西省,中部,2023,0.7406186003136161,0.4583020925747679
360600,鹰潭市,江西省,中部,2016,-0.12220345349064078,-0.07602443738337673
360600,鹰潭市,江西省,中部,2017,-0.3468064890867756,-0.2151161076750758
360600,鹰潭市,江西省,中部,2018,-0.32201286089331704,-0.19976196453597544
360600,鹰潭市,江西省,中部,2019,-1.0503952209704577,-0.6508329788045054
360600,鹰潭市,江西省,中部,2020,0.32832223750776507,0.20297611443004032
360600,鹰潭市,江西省,中部,2021,-1.5246385761185959,-0.944521353127747
360600,鹰潭市,江西省,中部,2022,-0.1446835506441792,-0.08994586214554116
360600,鹰潭市,江西省,中部,2023,0.20315957656530176,0.12546565905069004
360700,赣州市,江西省,中部,2016,-0.9499652720054019,-0.5886389425049351
360700,赣州市,江西省,中部,2017,-1.306890157198493,-0.8096745946652584
360700,赣州市,江西省,中部,2018,-1.125407302594546,-0.6972862945286641
360700,赣州市,江西省,中部,2019,-2.690343824730509,-1.6664167169498985
360700,赣州市,江西省,中部,2020,0.020591909576783973,0.012405558703904583
360700,赣州市,江西省,中部,2021,-1.478171924286955,-0.9157455879250572
360700,赣州市,江西省,中部,2022,-0.7086446034042037,-0.4391944134826039
360700,赣州市,江西省,中部,2023,0.21214120696918706,0.1310277832290358
360800,吉安市,江西省,中部,2016,-0.6321603722311278,-0.39182942824719225
360800,吉安市,江西省,中部,2017,-0.9364657594223236,-0.5802789942597099
360800,吉安市,江西省,中部,2018,-0.6613453885604234,-0.40990306050224135
360800,吉安市,江西省,中部,2019,-2.3959737196477486,-1.484119850430572
360800,吉安市,江西省,中部,2020,-0.6746383131468048,-0.41813507339055334
360800,吉安市,江西省,中部,2021,-1.8757008218720748,-1.1619264029241738
360800,吉安市,江西省,中部,2022,-0.8587928172247066,-0.5321778666945263
360800,吉安市,江西省,中部,2023,0.42852224505773884,0.2650277531194978
360900,宜春市,江西省,中部,2016,-0.8656459598863986,-0.5364218656994019
360900,宜春市,江西省,中部,2017,-1.3579305785310247,-0.8412827937115943
360900,宜春市,江西省,中部,2018,-0.86793247532488,-0.5378378539145301
360900,宜春市,江西省,中部,2019,-2.741443814184655,-1.6980618052106187
360900,宜春市,江西省,中部,2020,-0.9451136729069347,-0.5856344549636139
360900,宜春市,江西省,中部,2021,-1.6952049227278625,-1.0501493023781536
360900,宜春市,江西省,中部,2022,-0.9383778973289966,-0.5814631387863468
360900,宜春市,江西省,中部,2023,0.26692707669610966,0.16495545525927185
361000,抚州市,江西省,中部,2016,-0.4428909561443683,-0.2746190835661029
361000,抚州市,江西省,中部,2017,-0.41116379021665916,-0.2549711545397025
361000,抚州市,江西省,中部,2018,0.11794620872359887,0.07269491339792122
361000,抚州市,江西省,中部,2019,-0.4525304559020118,-0.2805886116203806
361000,抚州市,江西省,中部,2020,-0.6790768495434645,-0.42088376037701064
361000,抚州市,江西省,中部,2021,-1.1486419304564979,-0.711674983396325
361000,抚州市,江西省,中部,2022,-0.4427847099392479,-0.27455328765157694
361000,抚州市,江西省,中部,2023,0.12177380348499962,0.0750652578019937
361100,上饶市,江西省,中部,2016,-0.5956589621486639,-0.36922491587763845
361100,上饶市,江西省,中部,2017,-1.1175046654498688,-0.6923923669054469
361100,上饶市,江西省,中部,2018,-0.9389011845983418,-0.5817871989672007
361100,上饶市,江西省,中部,2019,-1.5095257393919224,-0.9351623090810827
361100,上饶市,江西省,中部,2020,-0.5649419169272866,-0.3502025321644036
361100,上饶市,江西省,中部,2021,-1.777708019049151,-1.1012416370881766
361100,上饶市,江西省,中部,2022,-0.8230824504213035,-0.5100632298543283
361100,上饶市,江西省,中部,2023,-0.04126790794297224,-0.02590285204364219
370100,济南市,山东省,东部,2016,-0.24366177796009675,-0.15124087947842071
370100,济南市,山东省,东部,2017,-0.507297510447855,-0.3145046318269615
370100,济南市,山东省,东部,2018,-0.697550588311177,-0.43232413639380685
370100,济南市,山东省,东部,2019,-1.1450036636964773,-0.7094218856175044
370100,济南市,山东省,东部,2020,-0.22747798201080363,-0.14121861417700754
370100,济南市,山东省,东部,2021,-1.1539529421810477,-0.7149639749709302
370100,济南市,山东省,东部,2022,0.10206227224217038,0.06285834440344962
370100,济南市,山东省,东部,2023,-0.18126367478124,-0.1125991203804403
370200,青岛市,山东省,东部,2016,-0.20571170081952458,-0.12773923978254187
370200,青岛市,山东省,东部,2017,-0.5487361732540652,-0.34016667512513976
370200,青岛市,山东省,东部,2018,-0.4761839306258072,-0.29523668304471806
370200,青岛市,山东省,东部,2019,1.046296383618739,0.6476015530122707
370200,青岛市,山东省,东部,2020,0.32891510787430694,0.20334326587716967
370200,青岛市,山东省,东部,2021,-1.1459654291056085,-0.7100174855693473
370200,青岛市,山东省,东部,2022,0.2007470062987926,0.12397160788092651
370200,青岛市,山东省,东部,2023,-0.06387702512359221,-0.03990417604234286
370300,淄博市,山东省,东部,2016,-0.16604758205846198,-0.10317613218926475
370300,淄博市,山东省,东部,2017,-0.42372848859424606,-0.26275219311476633
370300,淄博市,山东省,东部,2018,-0.21196179285308173,-0.13160978293044254
370300,淄博市,山东省,东部,2019,5.612201631374092,3.4751652393993098
370300,淄博市,山东省,东部,2020,0.7453131035738325,0.46120929415341194
370300,淄博市,山东省,东部,2021,-1.4101902348236148,-0.8736460378828657
370300,淄博市,山东省,东部,2022,-0.008110637153498662,-0.0053692908467453055
370300,淄博市,山东省,东部,2023,0.0969502304919764,0.059692570513759514
370400,枣庄市,山东省,东部,2016,0.5003701181293874,0.3095215447813838
370400,枣庄市,山东省,东部,2017,-0.16057629547240565,-0.09978788595350353
370400,枣庄市,山东省,东部,2018,0.1641392346828551,0.10130122817655966
370400,枣庄市,山东省,东部,2019,5.887439171744463,3.6456137336304026
370400,枣庄市,山东省,东部,2020,0.4131894455528691,0.2555324910108641
370400,枣庄市,山东省,东部,2021,-1.2172920468812802,-0.7541884754063454
370400,枣庄市,山东省,东部,2022,0.0781859691976983,0.04807228035034404
370400,枣庄市,山东省,东部,2023,-0.2813700237133429,-0.1745927583685168
370500,东营市,山东省,东部,2016,1.600963225338154,0.9910944059267779
370500,东营市,山东省,东部,2017,-0.46708538650835735,-0.28960215680085016
370500,东营市,山东省,东部,2018,-0.2691604195054465,-0.16703162172417263
370500,东营市,山东省,东部,2019,5.703170922522133,3.531500500485383
370500,东营市,山东省,东部,2020,0.4172169060300668,0.2580266078126269
370500,东营市,山东省,东部,2021,-1.3764540584306486,-0.8527539733063627
370500,东营市,山东省,东部,2022,-0.009649541269215661,-0.006322299978192374
370500,东营市,山东省,东部,2023,-0.4245098769545518,-0.26323608956742534
370600,烟台市,山东省,东部,2016,-0.21258280602833346,-0.1319943625938013
370600,烟台市,山东省,东部,2017,-0.09349371689900082,-0.058245135311314124
370600,烟台市,山东省,东部,2018,-0.21525523888086553,-0.13364934089012975
370600,烟台市,山东省,东部,2019,1.240015986020361,0.7675677992153526
370600,烟台市,山东省,东部,2020,0.41975528604603485,0.2595985701653127
370600,烟台市,山东省,东部,2021,-1.0038783103071862,-0.6220260894239084
370600,烟台市,山东省,东部,2022,-0.4495411895852296,-0.27873742539823365
370600,烟台市,山东省,东部,2023,-0.27446502749796764,-0.1703166476097941
370700,潍坊市,山东省,东部,2016,0.3825356477168251,0.23654927499829836
370700,潍坊市,山东省,东部,2017,-0.7951832187892639,-0.4927858554980301
370700,潍坊市,山东省,东部,2018,-0.4044752380591914,-0.2508290827776441
370700,潍坊市,山东省,东部,2019,1.6623560636688373,1.0291136268366752
370700,潍坊市,山东省,东部,2020,-0.06095575407867479,-0.038095097781517546
370700,潍坊市,山东省,东部,2021,-2.0923634497699584,-1.2961007551279164
370700,潍坊市,山东省,东部,2022,0.1811574247620269,0.11184021522618243
370700,潍坊市,山东省,东部,2023,0.045285635517973585,0.027697834597546288
370800,济宁市,山东省,东部,2016,0.020648686221350816,0.012440719218567263
370800,济宁市,山东省,东部,2017,-0.4919177285407194,-0.30498027456033894
370800,济宁市,山东省,东部,2018,-0.20816821946969458,-0.12926050720997434
370800,济宁市,山东省,东部,2019,2.547887649243582,1.5775036653182721
370800,济宁市,山东省,东部,2020,0.11088195861277753,0.06832018023964254
370800,济宁市,山东省,东部,2021,-1.0949475558496373,-0.6784232500459101
370800,济宁市,山东省,东部,2022,-0.2087130662076595,-0.1295979186907915
370800,济宁市,山东省,东部,2023,0.031193013198816802,0.018970586668955392
370900,泰安市,山东省,东部,2016,0.4750182787350057,0.2938217138464535
370900,泰安市,山东省,东部,2017,0.11385046771863344,0.07015851198219322
370900,泰安市,山东省,东部,2018,1.1077317750712872,0.6856471261252032
370900,泰安市,山东省,东部,2019,5.401274985600221,3.3445430534976595
370900,泰安市,山东省,东部,2020,0.11404676846115891,0.07028007667113387
370900,泰安市,山东省,东部,2021,-0.5315056449997231,-0.32949619176081785
370900,泰安市,山东省,东部,2022,-0.04437009613693625,-0.02782396827571982
370900,泰安市,山东省,东部,2023,0.1386570926425594,0.08552070370774412
371000,威海市,山东省,东部,2016,0.08093315231039458,0.04977354982218305
371000,威海市,山东省,东部,2017,-0.5416910891324989,-0.335803811038226
371000,威海市,山东省,东部,2018,0.4911883520789877,0.3038354810432511
371000,威海市,山东省,东部,2019,4.214863043084283,2.6098244941488518
371000,威海市,山东省,东部,2020,0.8744328624145319,0.5411702923525089
371000,威海市,山东省,东部,2021,-0.9607951955635732,-0.5953456735731032
371000,威海市,山东省,东部,2022,1.5946443253273537,0.9871812515271693
371000,威海市,山东省,东部,2023,0.5887500083323571,0.36425324738682974
371100,日照市,山东省,东部,2016,-0.3801237328978524,-0.23574873661038215
371100,日照市,山东省,东部,2017,-0.9911224860895727,-0.6141266908620586
371100,日照市,山东省,东部,2018,-0.5565935912478919,-0.3450325995327982
371100,日照市,山东省,东部,2019,2.4785274576466465,1.5345504395287626
371100,日照市,山东省,东部,2020,0.3631521008357945,0.22454547502870262
371100,日照市,山东省,东部,2021,-0.8313837044164483,-0.5152040120375955
371100,日照市,山东省,东部,2022,0.28146373883328374,0.17395768718262544
371100,日照市,山东省,东部,2023,0.15133339153690828,0.0933708540035852
371200,莱芜市,山东省,东部,2016,0.11449225493263887,0.07055595654624794
371200,莱芜市,山东省,东部,2017,-2.4255609693876172,-1.5024425769010008
371200,莱芜市,山东省,东部,2018,-0.839560170509009,-0.5202675158450092
371200,莱芜市,山东省,东部,2019,-0.4858549393552173,-0.30122572390522545
371200,莱芜市,山东省,东部,2020,-0.372804775548811,-0.23121626891790453
371200,莱芜市,山东省,东部,2021,-0.30338029517954346,-0.18822323051989248
371200,莱芜市,山东省,东部,2022,-0.2453558916898156,-0.15229000647577084
371200,莱芜市,山东省,东部,2023,-0.18650735257199644,-0.11584641354569951
371300,临沂市,山东省,东部,2016,-0.05891847671718486,-0.036833457170539194
371300,临沂市,山东省,东部,2017,-0.342560256691616,-0.2124865102846315
371300,临沂市,山东省,东部,2018,-0.7732767413495966,-0.4792196606814575
371300,临沂市,山东省,东部,2019,1.0478368260495599,0.6485555147880874
371300,临沂市,山东省,东部,2020,-0.0018289869442886242,-0.0014792044217412574
371300,临沂市,山东省,东部,2021,-1.5990722471489707,-0.9906164720208589
371300,临沂市,山东省,东部,2022,-0.3164407642470713,-0.19631128886947777
371300,临沂市,山东省,东部,2023,-0.3821335029806891,-0.23699334257477656
371400,德州市,山东省,东部,2016,-0.09496120951097549,-0.059153920884930815
371400,德州市,山东省,东部,2017,-0.44025015754292146,-0.272983695658703
371400,德州市,山东省,东部,2018,-0.4641300408471157,-0.28777197688711753
371400,德州市,山东省,东部,2019,2.3246627783070126,1.4392654617837217
371400,德州市,山东省,东部,2020,0.015394655464760557,0.009187014691562755
371400,德州市,山东省,东部,2021,-1.4961331185598912,-0.9268685565226347
371400,德州市,山东省,东部,2022,-0.09633128023801359,-0.06000237524947535
371400,德州市,山东省,东部,2023,-0.31310977075600116,-0.19424847859991035
371500,聊城市,山东省,东部,2016,-0.2501785121775577,-0.15527654820724227
371500,聊城市,山东省,东部,2017,0.01695456270277182,0.01015303059005327
371500,聊城市,山东省,东部,2018,0.1602984160184899,0.098922694503156
371500,聊城市,山东省,东部,2019,5.6183869674035645,3.478995680592463
371500,聊城市,山东省,东部,2020,0.2014312525172353,0.12439534636318418
371500,聊城市,山东省,东部,2021,-1.3083209586984985,-0.8105606582483414
371500,聊城市,山东省,东部,2022,0.12788442935608588,0.07884943265377688
371500,聊城市,山东省,东部,2023,-0.1327055129737547,-0.0825281295135032
371600,滨州市,山东省,东部,2016,0.2660858678609763,0.16443451331548967
371600,滨州市,山东省,东部,2017,0.30478639224058907,0.18840088831499832
371600,滨州市,山东省,东部,2018,0.5080032338682056,0.3142485637854865
371600,滨州市,山东省,东部,2019,1.8404271192509136,1.139389075633607
371600,滨州市,山东省,东部,2020,0.40062408026301866,0.24775103943185123
371600,滨州市,山东省,东部,2021,-1.1532277788923226,-0.7145148974560369
371600,滨州市,山东省,东部,2022,0.4006392068812932,0.24776040701050434
371600,滨州市,山东省,东部,2023,0.09145590584249612,0.05629005731712034
371700,菏泽市,山东省,东部,2016,-0.2508957471538277,-0.15572071589436293
371700,菏泽市,山东省,东部,2017,-0.8190154559828043,-0.5075446305485956
371700,菏泽市,山东省,东部,2018,-0.5630451016490658,-0.3490278766011683
371700,菏泽市,山东省,东部,2019,-0.8950054001894385,-0.5546035148464873
371700,菏泽市,山东省,东部,2020,0.06593347289269097,0.04048458158312547
371700,菏泽市,山东省,东部,2021,-1.6494885470646774,-1.0218381665388807
371700,菏泽市,山东省,东部,2022,-0.2629451224394007,-0.1631826263266666
371700,菏泽市,山东省,东部,2023,-0.3136635618972562,-0.19459142915098132
410100,郑州市,河南省,中部,2016,-0.8605848747669635,-0.5332876481191173
410100,郑州市,河南省,中部,2017,-1.576511732403668,-0.9766452464306262
410100,郑州市,河南省,中部,2018,-0.8570072076580447,-0.5310720783579767
410100,郑州市,河南省,中部,2019,-1.4883466319025305,-0.9220465583158794
410100,郑州市,河南省,中部,2020,0.930465872981918,0.5758702909994742
410100,郑州市,河南省,中部,2021,-0.3682979075555146,-0.22842526569166596
410100,郑州市,河南省,中部,2022,0.4029137087497692,0.24916895548861476
410100,郑州市,河南省,中部,2023,-0.3647654834245727,-0.22623771390169423
410200,开封市,河南省,中部,2016,-0.6451045051102009,-0.399845442179726
410200,开封市,河南省,中部,2017,-0.9270005274022326,-0.5744173863438656
410200,开封市,河南省,中部,2018,-0.14399666135854694,-0.08952048687048986
410200,开封市,河南省,中部,2019,-2.052316806652504,-1.271300758698669
410200,开封市,河南省,中部,2020,0.7174037084019933,0.4439256257427032
410200,开封市,河南省,中部,2021,-0.6943808267341114,-0.4303611734667462
410200,开封市,河南省,中部,2022,-0.30636624975100984,-0.19007236585173723
410200,开封市,河南省,中部,2023,1.4455705675433284,0.8948631850691348
410300,洛阳市,河南省,中部,2016,-0.7951535548102538,-0.4927674852548272
410300,洛阳市,河南省,中部,2017,-0.8807010687876081,-0.5457451601862049
410300,洛阳市,河南省,中部,2018,-0.03359859615001355,-0.02115341762732121
410300,洛阳市,河南省,中部,2019,-0.4020790577331176,-0.2493451815338826
410300,洛阳市,河南省,中部,2020,0.7124357005589945,0.44084904885196396
410300,洛阳市,河南省,中部,2021,0.2781550900382996,0.17190871448694703
410300,洛阳市,河南省,中部,2022,0.5233720261599123,0.323766115427413
410300,洛阳市,河南省,中部,2023,1.5280556497363116,0.9459443640296901
410400,平顶山市,河南省,中部,2016,-0.383790447804977,-0.23801945169471653
410400,平顶山市,河南省,中部,2017,-0.4848899615619336,-0.30062813459524135
410400,平顶山市,河南省,中部,2018,0.10027760788819479,0.061753141416118346
410400,平顶山市,河南省,中部,2019,-0.6079141474961605,-0.37681427990913235
410400,平顶山市,河南省,中部,2020,0.4378986027428244,0.27083432313405464
410400,平顶山市,河南省,中部,2021,-0.41317157979354346,-0.25621453402075833
410400,平顶山市,河南省,中部,2022,0.17090829312510764,0.1054931556923035
410400,平顶山市,河南省,中部,2023,1.5866146568319879,0.9822086562105267
410500,安阳市,河南省,中部,2016,-0.53284453289861,-0.33032533529262825
410500,安阳市,河南省,中部,2017,-0.6278393180899244,-0.3891534954116203
410500,安阳市,河南省,中部,2018,0.0637259646234674,0.03911752075274047
410500,安阳市,河南省,中部,2019,1.944615015645175,1.2039103252916665
410500,安阳市,河南省,中部,2020,0.602813891521597,0.3729626978107152
410500,安阳市,河南省,中部,2021,-0.03385760728355524,-0.021313817468279903
410500,安阳市,河南省,中部,2022,0.5268369482029097,0.32591186467390865
410500,安阳市,河南省,中部,2023,1.0180098948474638,0.6300843589127278
410600,鹤壁市,河南省,中部,2016,-0.38805250945490183,-0.24065885179098326
410600,鹤壁市,河南省,中部,2017,-0.49952248518217096,-0.309689731405452
410600,鹤壁市,河南省,中部,2018,0.5690183502925137,0.3520338699100202
410600,鹤壁市,河南省,中部,2019,-1.6269807693102771,-1.0078995997955391
410600,鹤壁市,河南省,中部,2020,0.8038982243602212,0.49748975796277983
410600,鹤壁市,河南省,中部,2021,-0.5442723119916159,-0.3374023050119017
410600,鹤壁市,河南省,中部,2022,0.18817525327010565,0.1161862005171585
410600,鹤壁市,河南省,中部,2023,1.6090233682452628,0.9960858733696107
410700,新乡市,河南省,中部,2016,-0.6545044995165148,-0.4056666498906396
410700,新乡市,河南省,中部,2017,-0.6148398466993985,-0.3811032115683127
410700,新乡市,河南省,中部,2018,-0.16147287387635684,-0.10034311704119585
410700,新乡市,河南省,中部,2019,-1.4002576046105715,-0.867494980649578
410700,新乡市,河南省,中部,2020,0.6872135401980156,0.4252295252615445
410700,新乡市,河南省,中部,2021,-0.4828597629224052,-0.2993708776795169
410700,新乡市,河南省,中部,2022,-0.45496640263976335,-0.28209713931946623
410700,新乡市,河南省,中部,2023,1.0112200908699662,0.6258795841478777
410800,焦作市,河南省,中部,2016,-0.888760360120237,-0.5507361002678804
410800,焦作市,河南省,中部,2017,-0.6214858101951469,-0.3852189091182937
410800,焦作市,河南省,中部,2018,0.9211340950321288,0.5700913282246284
410800,焦作市,河南省,中部,2019,-1.6158055852657047,-1.0009790565782528
410800,焦作市,河南省,中部,2020,4.608009305995193,2.853291240856344
410800,焦作市,河南省,中部,2021,0.9070674113180877,0.5613801434979483
410800,焦作市,河南省,中部,2022,0.26243825271893384,0.16217562629136117
410800,焦作市,河南省,中部,2023,1.1293415741811705,0.6990295946429772
410900,濮阳市,河南省,中部,2016,-0.6510593355750206,-0.4035331363974702
410900,濮阳市,河南省,中部,2017,-1.138025989388594,-0.7051007669306665
410900,濮阳市,河南省,中部,2018,-0.22603781523413755,-0.14032675088614227
410900,濮阳市,河南省,中部,2019,0.7751179449220451,0.47966677027299703
410900,濮阳市,河南省,中部,2020,0.030832208400830896,0.01874714827299641
410900,濮阳市,河南省,中部,2021,-0.8276135839761568,-0.5128692602037692
410900,濮阳市,河南省,中部,2022,-0.678382622159583,-0.4204538407807326
410900,濮阳市,河南省,中部,2023,0.573386130090055,0.35473873890653174
411000,许昌市,河南省,中部,2016,-0.8770622984206032,-0.5434917505347667
411000,许昌市,河南省,中部,2017,-1.1998507996767194,-0.743387498477365
411000,许昌市,河南省,中部,2018,-0.9002370740112322,-0.5578433742204412
411000,许昌市,河南省,中部,2019,0.15051638262049905,0.09286489853185725
411000,许昌市,河南省,中部,2020,-2.5662925683020275,-1.589594529695728
411000,许昌市,河南省,中部,2021,-0.44153750769119976,-0.2737809230064948
411000,许昌市,河南省,中部,2022,-0.00014014897223207045,-0.0004333445839081735
411000,许昌市,河南省,中部,2023,2.376537232760728,1.4713901590136023
411100,漯河市,河南省,中部,2016,-0.8632958701529306,-0.5349665073357188
411100,漯河市,河南省,中部,2017,-0.8648052680746283,-0.5359012439367026
411100,漯河市,河南省,中部,2018,-0.26936897878479193,-0.16716077785263722
411100,漯河市,河南省,中部,2019,-2.792483316131687,-1.729669434901939
411100,漯河市,河南省,中部,2020,-0.09253580482595047,-0.05765192164490253
411100,漯河市,河南省,中部,2021,-0.8651946849485515,-0.5361424011556599
411100,漯河市,河南省,中部,2022,-0.2409781089114344,-0.14957894285544568
411100,漯河市,河南省,中部,2023,0.9074706357929876,0.5616298514574488
411200,三门峡市,河南省,中部,2016,-0.06594907106441975,-0.041187348062106055
411200,三门峡市,河南省,中部,2017,-0.4475549412097677,-0.27750738590467156
411200,三门峡市,河南省,中部,2018,0.022492901636533516,0.013582800855151678
411200,三门峡市,河南省,中部,2019,1.503263980986644,0.9305914343305994
411200,三门峡市,河南省,中部,2020,0.026776607609227288,0.016235604799671285
411200,三门峡市,河南省,中部,2021,-0.4201059967222779,-0.2605088643736706
411200,三门峡市,河南省,中部,2022,0.20036821663475324,0.12373703185696215
411200,三门峡市,河南省,中部,2023,1.3653644766864168,0.8451933348142365
411300,南阳市,河南省,中部,2016,-0.6277801876536995,-0.38911687724607424
411300,南阳市,河南省,中部,2017,-0.3573631408694153,-0.2216536076035072
411300,南阳市,河南省,中部,2018,-0.04392779688466206,-0.027550062174654433
411300,南阳市,河南省,中部,2019,-0.22979359081969297,-0.14265261927010758
411300,南阳市,河南省,中部,2020,0.1288565271227467,0.07945143120510016
411300,南阳市,河南省,中部,2021,-0.8807283802197016,-0.5457620735493651
411300,南阳市,河南省,中部,2022,-0.1732703487448845,-0.10764903114129938
411300,南阳市,河南省,中部,2023,0.4691035159197613,0.2901588326339712
411400,商丘市,河南省,中部,2016,-1.5533398339586217,-0.9622954044972941
411400,商丘市,河南省,中部,2017,-0.9283052985349616,-0.5752254021203131
411400,商丘市,河南省,中部,2018,-0.8387492138413191,-0.5197653083964598
411400,商丘市,河南省,中部,2019,-2.5710129144430027,-1.5925177351963153
411400,商丘市,河南省,中部,2020,0.6641848939273032,0.4109683962173687
411400,商丘市,河南省,中部,2021,-0.3074875928027607,-0.1907667886925686
411400,商丘市,河南省,中部,2022,-0.41340659166232374,-0.2563600716502043
411400,商丘市,河南省,中部,2023,0.9095316044455153,0.5629061635586546
411500,信阳市,河南省,中部,2016,-0.3729542245212338,-0.2313088193464528
411500,信阳市,河南省,中部,2017,-0.3254373040814076,-0.20188264612688242
411500,信阳市,河南省,中部,2018,-0.09792042126450276,-0.06098649498372906
411500,信阳市,河南省,中部,2019,-1.1369785766917286,-0.7044521275162211
411500,信阳市,河南省,中部,2020,0.47031143558450866,0.2909068704478946
411500,信阳市,河南省,中部,2021,-0.2977843000623456,-0.18475775506124895
411500,信阳市,河南省,中部,2022,0.34885572633643225,0.21569204790135274
411500,信阳市,河南省,中部,2023,1.9633678634482534,1.2155235473335377
411600,周口市,河南省,中部,2016,-0.726955190275766,-0.45053375315460387
411600,周口市,河南省,中部,2017,-0.6632936970444596,-0.4111096046638945
411600,周口市,河南省,中部,2018,-0.7538909683557848,-0.4672144821296704
411600,周口市,河南省,中部,2019,-2.226331971718562,-1.3790644846023818
411600,周口市,河南省,中部,2020,0.5513418934572039,0.3410872328820001
411600,周口市,河南省,中部,2021,-0.4153268492276019,-0.2575492445010338
411600,周口市,河南省,中部,2022,0.02946758683867494,0.017902068455207847
411600,周口市,河南省,中部,2023,1.6882286412522567,1.045135939363654
411700,驻马店市,河南省,中部,2016,-0.5538629153677797,-0.3433415526233832
411700,驻马店市,河南省,中部,2017,-1.0877267699254152,-0.6739515777359026
411700,驻马店市,河南省,中部,2018,-0.7568045489054384,-0.46901879783762646
411700,驻马店市,河南省,中部,2019,-1.583290971171941,-0.9808434783961143
411700,驻马店市,河南省,中部,2020,-0.12967194893596812,-0.08064951069683111
411700,驻马店市,河南省,中部,2021,-0.5118146692908507,-0.3173020079478032
411700,驻马店市,河南省,中部,2022,-0.3218216899514248,-0.19964357661860624
411700,驻马店市,河南省,中部,2023,1.276937459579942,0.7904324475643945
420100,武汉市,湖北省,中部,2016,0.10612547757001328,0.0653745971971297
420100,武汉市,湖北省,中部,2017,-0.7137996390931236,-0.4423868125634182
420100,武汉市,湖北省,中部,2018,-0.3437105745012028,-0.21319887654930397
420100,武汉市,湖北省,中部,2019,-0.19609985639813673,-0.12178683806363211
420100,武汉市,湖北省,中部,2020,2.706786087829306,1.6759059383372914
420100,武汉市,湖北省,中部,2021,-0.5499276223323599,-0.34090451307077424
420100,武汉市,湖北省,中部,2022,0.5431326718259345,0.33600344429714246
420100,武汉市,湖北省,中部,2023,0.16960581134623726,0.1046865576618417
420200,黄石市,湖北省,中部,2016,0.24015836596959966,0.14837818738476025
420200,黄石市,湖北省,中部,2017,-1.2740367484094324,-0.7893292084547923
420200,黄石市,湖北省,中部,2018,-0.2944544808908122,-0.18269567202168266
420200,黄石市,湖北省,中部,2019,-0.9627121351986732,-0.5965327917034826
420200,黄石市,湖北省,中部,2020,2.1580304082677104,1.3360737368281135
420200,黄石市,湖北省,中部,2021,-1.6970324657033198,-1.0512810591432014
420200,黄石市,湖北省,中部,2022,-0.8229012661036791,-0.509951026431511
420200,黄石市,湖北省,中部,2023,-0.14301807833975386,-0.08891447214659373
420300,十堰市,湖北省,中部,2016,-0.6699723963714292,-0.4152455747869102
420300,十堰市,湖北省,中部,2017,-1.3326802422259476,-0.8256458213849356
420300,十堰市,湖北省,中部,2018,-0.6734133820967844,-0.4173765008036456
420300,十堰市,湖北省,中部,2019,-1.7663419771062578,-1.0942028998144506
420300,十堰市,湖北省,中部,2020,1.2795056962780937,0.7920228994970775
420300,十堰市,湖北省,中部,2021,-1.4099793246747039,-0.8735154259131048
420300,十堰市,湖北省,中部,2022,0.17442790517050497,0.10767277324232348
420300,十堰市,湖北省,中部,2023,-0.02884755224733762,-0.018211201684876662
420500,宜昌市,湖北省,中部,2016,-0.3795807528915732,-0.2354124811550277
420500,宜昌市,湖北省,中部,2017,0.7118068871376979,0.44045963866951543
420500,宜昌市,湖北省,中部,2018,-0.12437133051765338,-0.07736695546588557
420500,宜昌市,湖北省,中部,2019,-0.44685287804913376,-0.2770726137859259
420500,宜昌市,湖北省,中部,2020,2.16567793083269,1.3408096776596041
420500,宜昌市,湖北省,中部,2021,-1.756287573356702,-1.0879764309352522
420500,宜昌市,湖北省,中部,2022,-0.021502828667154306,-0.013662777537860788
420500,宜昌市,湖北省,中部,2023,0.10852396995038768,0.06685993024475628
420600,襄阳市,湖北省,中部,2016,-0.4426179216562528,-0.2744499993731915
420600,襄阳市,湖北省,中部,2017,-0.8209990245032401,-0.508773010467474
420600,襄阳市,湖北省,中部,2018,-0.1804771017673902,-0.11211201318702076
420600,襄阳市,湖北省,中部,2019,-1.0999187683734273,-0.68150181152427
420600,襄阳市,湖北省,中部,2020,1.867270515337477,1.156012594492432
420600,襄阳市,湖北省,中部,2021,-1.5079977660668489,-0.9342160691454489
420600,襄阳市,湖北省,中部,2022,0.010520682253882113,0.006168671359475818
420600,襄阳市,湖北省,中部,2023,0.4372018539423802,0.27040284208051363
420700,鄂州市,湖北省,中部,2016,-0.4564685959925189,-0.2830274142909566
420700,鄂州市,湖北省,中部,2017,-1.1940245017904143,-0.7397794016300884
420700,鄂州市,湖北省,中部,2018,-0.7891678626138152,-0.489060679052298
420700,鄂州市,湖北省,中部,2019,-1.3224530190021035,-0.8193123292445693
420700,鄂州市,湖北省,中部,2020,2.905144841381631,1.7987451077872663
420700,鄂州市,湖北省,中部,2021,-1.0676207772130604,-0.6615003831124125
420700,鄂州市,湖北省,中部,2022,0.7250938819324795,0.4486879793696225
420700,鄂州市,湖北省,中部,2023,0.8604424134836214,0.5325063181334332
420800,荆门市,湖北省,中部,2016,-0.5039043549377045,-0.3124033259999336
420800,荆门市,湖北省,中部,2017,-0.8173808519710501,-0.5065323565975469
420800,荆门市,湖北省,中部,2018,-1.0805317115677329,-0.6694958379363044
420800,荆门市,湖北省,中部,2019,-0.9199525740745547,-0.5700527454213477
420800,荆门市,湖北省,中部,2020,1.568713254607529,0.9711227155002651
420800,荆门市,湖北省,中部,2021,-1.2237441950999781,-0.7581841474609387
420800,荆门市,湖北省,中部,2022,0.9040888757861978,0.5595356026124961
420800,荆门市,湖北省,中部,2023,0.07528735971052031,0.04627723588879051
420900,孝感市,湖北省,中部,2016,-0.2080798505619973,-0.1292057823085907
420900,孝感市,湖北省,中部,2017,-0.984280303175682,-0.6098894789855209
420900,孝感市,湖北省,中部,2018,-0.82360970842523,-0.5103897490228968
420900,孝感市,湖北省,中部,2019,-2.218350430068492,-1.3741216931718723
420900,孝感市,湖北省,中部,2020,0.6126985284854432,0.3790840338909658
420900,孝感市,湖北省,中部,2021,-1.6405165318430683,-1.0162819968293133
420900,孝感市,湖北省,中部,2022,0.17882161341075117,0.11039369914739065
420900,孝感市,湖北省,中部,2023,-0.35979148459411453,-0.22315742692551369
421000,荆州市,湖北省,中部,2016,-0.5449779136702744,-0.33783926845625034
421000,荆州市,湖北省,中部,2017,-0.9255334467452001,-0.573508855884793
421000,荆州市,湖北省,中部,2018,-0.07353879186695392,-0.0458874935462052
421000,荆州市,湖北省,中部,2019,-1.9477110014342909,-1.20652070738996
421000,荆州市,湖北省,中部,2020,1.9865033072369864,1.229850813708071
421000,荆州市,湖北省,中部,2021,-1.5452154440892796,-0.9572641503380239
421000,荆州市,湖北省,中部,2022,-0.6038605768741258,-0.37430399367472017
421000,荆州市,湖北省,中部,2023,0.09462077535434181,0.058249990696869675
421100,黄冈市,湖北省,中部,2016,-0.5143662010318678,-0.31888211487164064
421100,黄冈市,湖北省,中部,2017,-1.389260721141591,-0.860684855017732
421100,黄冈市,湖北省,中部,2018,-0.19985735308885522,-0.12411377228978983
421100,黄冈市,湖北省,中部,2019,-1.4053185279896476,-0.8706290980676513
421100,黄冈市,湖北省,中部,2020,2.275170632985191,1.4086160756752013
421100,黄冈市,湖北省,中部,2021,-2.6856440877374483,-1.6635062742367734
421100,黄冈市,湖北省,中部,2022,-0.7073234257086625,-0.43837623748628574
421100,黄冈市,湖北省,中部,2023,-0.5434404847654872,-0.3368871728901597
421200,咸宁市,湖北省,中部,2016,-0.042795210968202456,-0.02684867687747401
421200,咸宁市,湖北省,中部,2017,-0.6765297844723965,-0.41930641956264375
421200,咸宁市,湖北省,中部,2018,-0.17902140891827498,-0.1112105349444061
421200,咸宁市,湖北省,中部,2019,-1.0411315352788977,-0.6450961840524823
421200,咸宁市,湖北省,中部,2020,2.431773598852161,1.505596813434409
421200,咸宁市,湖北省,中部,2021,-1.2203546847418525,-0.7560850989955811
421200,咸宁市,湖北省,中部,2022,-0.03341055611952237,-0.021036968613828134
421200,咸宁市,湖北省,中部,2023,1.4630080240882664,0.9056618145268218
421300,随州市,湖北省,中部,2016,-0.24724650772420848,-0.15346082298502242
421300,随州市,湖北省,中部,2017,-1.094804565663309,-0.6783346994001054
421300,随州市,湖北省,中部,2018,-0.44701069218408096,-0.27717034457378986
421300,随州市,湖北省,中部,2019,-1.7559990291511132,-1.0877977419188645
421300,随州市,湖北省,中部,2020,0.9224147298476763,0.570884396916044
421300,随州市,湖北省,中部,2021,-1.8456201381813568,-1.1432981037698313
421300,随州市,湖北省,中部,2022,-0.5672585882665125,-0.35163719525893655
421300,随州市,湖北省,中部,2023,0.1851376458920838,0.11430507774970328
430100,长沙市,湖南省,中部,2016,-0.3921108835231881,-0.24317211269294842
430100,长沙市,湖南省,中部,2017,-0.6234149592546884,-0.3864135882739921
430100,长沙市,湖南省,中部,2018,-0.2637011406695621,-0.16365081162133557
430100,长沙市,湖南省,中部,2019,-0.26512146581017,-0.16453038742778048
430100,长沙市,湖南省,中部,2020,0.8744148939003402,0.5411591648508483
430100,长沙市,湖南省,中部,2021,-0.648969906277299,-0.40223919925096124
430100,长沙市,湖南省,中部,2022,0.1469781728692713,0.09067376383577254
430100,长沙市,湖南省,中部,2023,0.37888184870428876,0.23428655844055035
430200,株洲市,湖南省,中部,2016,-0.3391774930925201,-0.21039163993725893
430200,株洲市,湖南省,中部,2017,0.9423961321856622,0.5832584354885162
430200,株洲市,湖南省,中部,2018,0.40354145950440257,0.24955770758520635
430200,株洲市,湖南省,中部,2019,-1.347984087627248,-0.8351231528604566
430200,株洲市,湖南省,中部,2020,0.0026779949034061307,0.0013118693119969149
430200,株洲市,湖南省,中部,2021,-0.47558601339173817,-0.2948664061846475
430200,株洲市,湖南省,中部,2022,-0.06941186538445497,-0.04333177965703948
430200,株洲市,湖南省,中部,2023,0.5431507878016674,0.3360146631184596
430300,湘潭市,湖南省,中部,2016,-0.5280720599794136,-0.32736984883630743
430300,湘潭市,湖南省,中部,2017,0.33665208811230696,0.20813460585822113
430300,湘潭市,湖南省,中部,2018,0.3897944276110992,0.2410444761299066
430300,湘潭市,湖南省,中部,2019,0.522388654917148,0.323157135462784
430300,湘潭市,湖南省,中部,2020,0.17921998558797222,0.11064040218673449
430300,湘潭市,湖南省,中部,2021,-0.37162726209022423,-0.23048706099196944
430300,湘潭市,湖南省,中部,2022,0.19088410989122997,0.11786373524420649
430300,湘潭市,湖南省,中部,2023,0.7961748825399906,0.49270686395086966
430400,衡阳市,湖南省,中部,2016,-0.5376710659504269,-0.3333142999881119
430400,衡阳市,湖南省,中部,2017,0.6012044449991409,0.3719660033339045
430400,衡阳市,湖南省,中部,2018,0.06206296183786815,0.03808766007194063
430400,衡阳市,湖南省,中部,2019,-1.0116117960921518,-0.6268152653678264
430400,衡阳市,湖南省,中部,2020,-0.5878746627941226,-0.36440427221892746
430400,衡阳市,湖南省,中部,2021,-0.7522776343846784,-0.46621538024227194
430400,衡阳市,湖南省,中部,2022,-0.3088007172204775,-0.1915799774728372
430400,衡阳市,湖南省,中部,2023,0.2453483960256491,0.15159225769972287
430500,邵阳市,湖南省,中部,2016,-0.6058371870326063,-0.3755280644346228
430500,邵阳市,湖南省,中部,2017,0.086604592864973,0.05328574696414354
430500,邵阳市,湖南省,中部,2018,-0.7551179122244572,-0.46797430121045375
430500,邵阳市,湖南省,中部,2019,-2.5273681047352876,-1.565489474132537
430500,邵阳市,湖南省,中部,2020,-1.1517523976352717,-0.7136012266197742
430500,邵阳市,湖南省,中部,2021,-0.9836154820174507,-0.6094777700115162
430500,邵阳市,湖南省,中部,2022,-0.4717407800433367,-0.29248513859549424
430500,邵阳市,湖南省,中部,2023,-0.3270476269399175,-0.20287988329914305
430600,岳阳市,湖南省,中部,2016,0.04944792587928646,0.030275448551237705
430600,岳阳市,湖南省,中部,2017,0.7501553804777589,0.46420800866675055
430600,岳阳市,湖南省,中部,2018,-0.5046015106981898,-0.31283505907478726
430600,岳阳市,湖南省,中部,2019,-1.1770985818713935,-0.7292975554408259
430600,岳阳市,湖南省,中部,2020,-0.9790527017343451,-0.6066521415463142
430600,岳阳市,湖南省,中部,2021,-0.8335298051870914,-0.5165330445683035
430600,岳阳市,湖南省,中部,2022,-0.31604235644739287,-0.19606456376993744
430600,岳阳市,湖南省,中部,2023,0.1353447416133806,0.08346943830067569
430700,常德市,湖南省,中部,2016,-0.6130741339469795,-0.38000974488680744
430700,常德市,湖南省,中部,2017,-0.39034118191731204,-0.2420761758031113
430700,常德市,湖南省,中部,2018,-1.095686767173546,-0.6788810271969093
430700,常德市,湖南省,中部,2019,-0.7161024467332667,-0.4438128901770972
430700,常德市,湖南省,中部,2020,-0.507834541246831,-0.3148372030703973
430700,常德市,湖南省,中部,2021,-0.7952516926343799,-0.49282825982913453
430700,常德市,湖南省,中部,2022,-0.22886542539455454,-0.14207782704191327
430700,常德市,湖南省,中部,2023,0.2013068944034928,0.12431833414601241
430800,张家界市,湖南省,中部,2016,-0.9664171761842664,-0.5988272412767822
430800,张家界市,湖南省,中部,2017,-0.8074453188935005,-0.5003795016847588
430800,张家界市,湖南省,中部,2018,0.15924219695152175,0.09826860149934323
430800,张家界市,湖南省,中部,2019,0.618130575653694,0.3824479800270006
430800,张家界市,湖南省,中部,2020,1.153143843829728,0.7137698114586766
430800,张家界市,湖南省,中部,2021,-0.07215276438095101,-0.04502915751532002
430800,张家界市,湖南省,中部,2022,0.41555860645457565,0.25699965972536315
430800,张家界市,湖南省,中部,2023,0.1505129762719964,0.09286278905590306
430900,益阳市,湖南省,中部,2016,-0.5314323015453499,-0.32945077178888094
430900,益阳市,湖南省,中部,2017,-0.6255325371684718,-0.38772495723309447
430900,益阳市,湖南省,中部,2018,-0.6489782777600146,-0.402244383524231
430900,益阳市,湖南省,中部,2019,0.10184733318349468,0.06272523741937534
430900,益阳市,湖南省,中部,2020,-0.85865984915703,-0.5320955225241569
430900,益阳市,湖南省,中部,2021,-0.9263031353569207,-0.573985506943068
430900,益阳市,湖南省,中部,2022,-0.20728904352943028,-0.12871605308144013
430900,益阳市,湖南省,中部,2023,0.21698491193848965,0.1340273821115368
431000,郴州市,湖南省,中部,2016,-0.37141203439725545,-0.2303537752630896
431000,郴州市,湖南省,中部,2017,1.1216650780969681,0.6942757111546911
431000,郴州市,湖南省,中部,2018,0.34474323163451404,0.21314527129329244
431000,郴州市,湖南省,中部,2019,0.3974632065123991,0.2457935805382617
431000,郴州市,湖南省,中部,2020,0.01216350374621606,0.00718603421369257
431000,郴州市,湖南省,中部,2021,-0.7873447074870894,-0.4879316395844916
431000,郴州市,湖南省,中部,2022,-0.4312299710566315,-0.267397694555064
431000,郴州市,湖南省,中部,2023,0.010186605572644516,0.00596178509244246
431100,永州市,湖南省,中部,2016,-0.8008535930188818,-0.4962973922886314
431100,永州市,湖南省,中部,2017,-0.7048127927056361,-0.43682145824230295
431100,永州市,湖南省,中部,2018,-1.100654772040611,-0.681957602244719
431100,永州市,湖南省,中部,2019,-1.586739387482366,-0.9829790060091098
431100,永州市,湖南省,中部,2020,-0.35916896399958836,-0.22277191375088626
431100,永州市,湖南省,中部,2021,-1.2362896129930863,-0.765953246060289
431100,永州市,湖南省,中部,2022,-0.8791519389739757,-0.5447858185072071
431100,永州市,湖南省,中部,2023,-0.33433953663120886,-0.20739560097805138
431200,怀化市,湖南省,中部,2016,-0.7419330229844793,-0.45980919221211775
431200,怀化市,湖南省,中部,2017,0.7587228913966613,0.4695136778478888
431200,怀化市,湖南省,中部,2018,0.19768090952470815,0.12207284226339388
431200,怀化市,湖南省,中部,2019,-0.38372758121553474,-0.23798051981248322
431200,怀化市,湖南省,中部,2020,-0.25676752042248285,-0.1593569746356738
431200,怀化市,湖南省,中部,2021,-0.414913497865422,-0.25729326518521395
431200,怀化市,湖南省,中部,2022,0.036719851467243214,0.02239323482750388
431200,怀化市,湖南省,中部,2023,0.37573278264497767,0.2323364117878752
431300,娄底市,湖南省,中部,2016,-0.5692629626908086,-0.3528784598118636
431300,娄底市,湖南省,中部,2017,0.6281760457190175,0.38866891647401963
431300,娄底市,湖南省,中部,2018,-0.774351602943677,-0.47988529858815915
431300,娄底市,湖南省,中部,2019,-0.7305242596803435,-0.45274399854844766
431300,娄底市,湖南省,中部,2020,-0.18510686025894477,-0.11497911976876538
431300,娄底市,湖南省,中部,2021,-0.7837637204388976,-0.4857140138587131
431300,娄底市,湖南省,中部,2022,-0.36651911041177093,-0.22732369613728873
431300,娄底市,湖南省,中部,2023,0.010131807424394389,0.005927849816595576
440100,广州市,广东省,东部,2016,-0.054503368342189676,-0.03409927863743518
440100,广州市,广东省,东部,2017,-0.44144089216678145,-0.27372109115857796
440100,广州市,广东省,东部,2018,0.029518035281857785,0.01793331005533713
440100,广州市,广东省,东部,2019,0.22572703464185073,0.13944118449171444
440100,广州市,广东省,东部,2020,1.3106884677508353,0.8113336971314733
440100,广州市,广东省,东部,2021,-0.9652456036179994,-0.5981017124134813
440100,广州市,广东省,东部,2022,0.566532059171982,0.350494165053101
440100,广州市,广东省,东部,2023,0.04578672204577736,0.028008146352362547
440200,韶关市,广东省,东部,2016,0.34122192630533976,0.21096460513024642
440200,韶关市,广东省,东部,2017,0.39584803666909335,0.24479334173599485
440200,韶关市,广东省,东部,2018,-0.3290562441863717,-0.20412377533757656
440200,韶关市,广东省,东部,2019,1.0486532920699236,0.6490611340563551
440200,韶关市,广东省,东部,2020,0.07167106181038194,0.04403774293684723
440200,韶关市,广东省,东部,2021,-1.1927142953714363,-0.7389680199016141
440200,韶关市,广东省,东部,2022,1.0395254189497414,0.6434084450126514
440200,韶关市,广东省,东部,2023,0.09893238826805606,0.06092007678999857
440300,深圳市,广东省,东部,2016,-0.9793660364611699,-0.6068461827817712
440300,深圳市,广东省,东部,2017,-1.1468425635809019,-0.710560675463977
440300,深圳市,广东省,东部,2018,-0.27440634934572333,-0.17028030953366957
440300,深圳市,广东省,东部,2019,-0.6872663783550097,-0.42595535363609754
440300,深圳市,广东省,东部,2020,2.145404093330527,1.3282545404865298
440300,深圳市,广东省,东部,2021,-0.7864016106522257,-0.4873476006659621
440300,深圳市,广东省,东部,2022,0.07257334107064346,0.04459650443820556
440300,深圳市,广东省,东部,2023,-0.19705913984092865,-0.12238090098885909
440400,珠海市,广东省,东部,2016,-0.5864575741607587,-0.36352670070951837
440400,珠海市,广东省,东部,2017,-1.5768473204256148,-0.9768530686373857
440400,珠海市,广东省,东部,2018,-0.019152523850632264,-0.012207285978020527
440400,珠海市,广东省,东部,2019,-0.944157183024342,-0.5850421220281582
440400,珠海市,广东省,东部,2020,1.837685749460843,1.1376914062233243
440400,珠海市,广东省,东部,2021,-0.549731586997667,-0.34078311274300815
440400,珠海市,广东省,东部,2022,0.43781435396006996,0.27078214973451775
440400,珠海市,广东省,东部,2023,0.1700643022105722,0.10497049086855269
440500,汕头市,广东省,东部,2016,-1.29027997888126,-0.7993882802356477
440500,汕头市,广东省,东部,2017,-1.4089200007846296,-0.8728594101613174
440500,汕头市,广东省,东部,2018,-0.2039610193868353,-0.12665508166341802
440500,汕头市,广东省,东部,2019,0.01599950927461382,0.009561587218917483
440500,汕头市,广东省,东部,2020,0.24984891712369367,0.15437933043473104
440500,汕头市,广东省,东部,2021,-0.3212817232200918,-0.19930918721748475
440500,汕头市,广东省,东部,2022,0.49387968055110454,0.3055021609770141
440500,汕头市,广东省,东部,2023,0.05462121775097359,0.03347915328047074
440600,佛山市,广东省,东部,2016,-0.6303928134565783,-0.39073481836519175
440600,佛山市,广东省,东部,2017,-0.6464844587121866,-0.4007000167891733
440600,佛山市,广东省,东部,2018,-0.23484621733443145,-0.1457815986244151
440600,佛山市,广东省,东部,2019,-0.2291924285998779,-0.14228033286245326
440600,佛山市,广东省,东部,2020,1.5892990831920024,0.983871061819598
440600,佛山市,广东省,东部,2021,-1.1720498805781259,-0.7261710068889747
440600,佛山市,广东省,东部,2022,0.058534926640871635,0.03590282625125921
440600,佛山市,广东省,东部,2023,-0.11676681322177625,-0.07265764684216959
440700,江门市,广东省,东部,2016,-0.5228881493018345,-0.32415956811648683
440700,江门市,广东省,东部,2017,-0.9561423838263177,-0.5924642906284338
440700,江门市,广东省,东部,2018,-0.7926530117762484,-0.49121895450450603
440700,江门市,广东省,东部,2019,-0.45184649888384315,-0.28016505223342797
440700,江门市,广东省,东部,2020,0.6051353292006099,0.3744003125935919
440700,江门市,广东省,东部,2021,-1.068621227047887,-0.6621199394696975
440700,江门市,广东省,东部,2022,0.22204953071852573,0.1371637880093298
440700,江门市,广东省,东部,2023,-0.22243675516048472,-0.1380966943816266
440800,湛江市,广东省,东部,2016,-0.626777222230226,-0.38849576304062516
440800,湛江市,广东省,东部,2017,-1.106701999217806,-0.6857025156938046
440800,湛江市,广东省,东部,2018,-0.7115914581170918,-0.44101933514065134
440800,湛江市,广东省,东部,2019,0.45170979813204715,0.2793872896169576
440800,湛江市,广东省,东部,2020,0.004156397430441387,0.002227411153642181
440800,湛江市,广东省,东部,2021,-1.5745523612809076,-0.9754318514225725
440800,湛江市,广东省,东部,2022,0.20343335688542763,0.12563520512079648
440800,湛江市,广东省,东部,2023,0.09482572407322087,0.05837691088544758
440900,茂名市,广东省,东部,2016,-0.5893659466146284,-0.3653277911594556
440900,茂名市,广东省,东部,2017,-1.1834153928200912,-0.7332094161306837
440900,茂名市,广东省,东部,2018,-0.4727365273765182,-0.29310178279797855
440900,茂名市,广东省,东部,2019,-0.040665430143940834,-0.025529750927005337
440900,茂名市,广东省,东部,2020,0.3021664826132122,0.18677843648518244
440900,茂名市,广东省,东部,2021,-0.9324870853763456,-0.57781508981099
440900,茂名市,广东省,东部,2022,0.16311277211330824,0.10066556271054652
440900,茂名市,广东省,东部,2023,0.46828022046539125,0.28964898404894224
441200,肇庆市,广东省,东部,2016,1.1194903946464279,0.6929289780052993
441200,肇庆市,广东省,东部,2017,0.6745369034092821,0.4173791657152175
441200,肇庆市,广东省,东部,2018,-0.08665037766638822,-0.05400720735227998
441200,肇庆市,广东省,东部,2019,0.6345772094764713,0.3926330149844062
441200,肇庆市,广东省,东部,2020,0.2512219312322738,0.15522960757007606
441200,肇庆市,广东省,东部,2021,-1.18930389946406,-0.7368560374795871
441200,肇庆市,广东省,东部,2022,0.576380634190475,0.356593168771726
441200,肇庆市,广东省,东部,2023,0.41748033172855414,0.258189741495585
441300,惠州市,广东省,东部,2016,-0.6129069518440085,-0.37990621272445974
441300,惠州市,广东省,东部,2017,-1.2814109888588994,-0.7938959117432256
441300,惠州市,广东省,东部,2018,-0.3229880135776507,-0.2003658549299472
441300,惠州市,广东省,东部,2019,0.22138033438912919,0.13674936958901865
441300,惠州市,广东省,东部,2020,1.8208605878699584,1.127271957428287
441300,惠州市,广东省,东部,2021,-1.8945640138770987,-1.173607958678966
441300,惠州市,广东省,东部,2022,-0.5140418586154737,-0.31868125681857395
441300,惠州市,广东省,东部,2023,-0.08010991767295599,-0.049956845777477735
441400,梅州市,广东省,东部,2016,-0.45167344714995195,-0.2800578851390478
441400,梅州市,广东省,东部,2017,0.2792297330648157,0.17257421703961165
441400,梅州市,广东省,东部,2018,0.3767301292807941,0.23295404640295206
441400,梅州市,广东省,东部,2019,0.04085749955254405,0.0249555883670998
441400,梅州市,广东省,东部,2020,-0.2804785599754614,-0.1740406946798969
441400,梅州市,广东省,东部,2021,-0.560301651103872,-0.34732891862546295
441400,梅州市,广东省,东部,2022,0.9286182061148938,0.5747260719554398
441400,梅州市,广东省,东部,2023,-0.4185007134591092,-0.25951474811084796
441500,汕尾市,广东省,东部,2016,-0.9371339205772979,-0.5806927716194982
441500,汕尾市,广东省,东部,2017,-0.05789397465218124,-0.036199005801436236
441500,汕尾市,广东省,东部,2018,-0.8053637222626844,-0.49909041513485836
441500,汕尾市,广东省,东部,2019,-1.6338897882605723,-1.0121782017446308
441500,汕尾市,广东省,东部,2020,-1.0691855788357616,-0.6624694299946107
441500,汕尾市,广东省,东部,2021,-1.613910933300366,-0.9998057407066264
441500,汕尾市,广东省,东部,2022,0.25838144098727966,0.15966333290976428
441500,汕尾市,广东省,东部,2023,-0.5682917265444862,-0.35227699484287467
441600,河源市,广东省,东部,2016,-1.111750002119676,-0.6888286317473782
441600,河源市,广东省,东部,2017,-0.22980413701864183,-0.14265915029682827
441600,河源市,广东省,东部,2018,-0.2797410241115064,-0.17358395510402588
441600,河源市,广东省,东部,2019,-0.20423090052259163,-0.12682221305526645
441600,河源市,广东省,东部,2020,-0.15794004071637469,-0.09815531194862623
441600,河源市,广东省,东部,2021,-1.4495531868477844,-0.8980226396065335
441600,河源市,广东省,东部,2022,0.9231166461283269,0.571319078075279
441600,河源市,广东省,东部,2023,0.1990126780254598,0.12289757691009964
441700,阳江市,广东省,东部,2016,1.9553332460396575,1.210547887264874
441700,阳江市,广东省,东部,2017,0.0791147858193168,0.04864747585005186
441700,阳江市,广东省,东部,2018,0.7043211039049474,0.4358238594133655
441700,阳江市,广东省,东部,2019,1.3336932063064124,0.825580020658786
441700,阳江市,广东省,东部,2020,0.263235397895608,0.1626692805903527
441700,阳江市,广东省,东部,2021,-0.9774680032762689,-0.605670772995985
441700,阳江市,广东省,东部,2022,0.7548637963729554,0.4671238260311626
441700,阳江市,广东省,东部,2023,0.33495810499984924,0.20708555974923912
441800,清远市,广东省,东部,2016,-0.08912906699696771,-0.055542204589558844
441800,清远市,广东省,东部,2017,0.0225270968618645,0.013603977198537525
441800,清远市,广东省,东部,2018,-0.2368932844297459,-0.1470493018000678
441800,清远市,广东省,东部,2019,-0.04456335797350772,-0.02794365103771375
441800,清远市,广东省,东部,2020,0.4427896931000259,0.27386326673459466
441800,清远市,广东省,东部,2021,-0.6840010263041185,-0.4239331936521802
441800,清远市,广东省,东部,2022,1.0638345300364391,0.6584625374712907
441800,清远市,广东省,东部,2023,0.46561865687574383,0.28800073684565286
441900,东莞市,广东省,东部,2016,-0.6499903618319588,-0.40287114470610325
441900,东莞市,广东省,东部,2017,-0.8865582003484059,-0.5493723516431115
441900,东莞市,广东省,东部,2018,-0.5231282385607215,-0.3243082500608295
441900,东莞市,广东省,东部,2019,-1.438372617018699,-0.8910987610925459
441900,东莞市,广东省,东部,2020,2.022802719747246,1.2523302334686213
441900,东莞市,广东省,东部,2021,-0.9715799277480484,-0.6020244186274871
441900,东莞市,广东省,东部,2022,0.49720973307137906,0.30756438852427187
441900,东莞市,广东省,东部,2023,0.31257104829246146,0.1932217528684423
442000,中山市,广东省,东部,2016,0.006754742942655639,0.003836508805993947
442000,中山市,广东省,东部,2017,0.1490278935775924,0.09194311033500913
442000,中山市,广东省,东部,2018,0.3874140595362462,0.23957036706205018
442000,中山市,广东省,东部,2019,3.899855939849914,2.414747593134019
442000,中山市,广东省,东部,2020,2.8745832047099382,1.7798189651363834
442000,中山市,广东省,东部,2021,-0.7306498201573595,-0.45282175536248365
442000,中山市,广东省,东部,2022,1.0087589922676607,0.6243554804578334
442000,中山市,广东省,东部,2023,0.1976203704843013,0.12203535178057073
445100,潮州市,广东省,东部,2016,-0.43045455872269706,-0.2669174989227767
445100,潮州市,广东省,东部,2017,0.22623636192426475,0.1397565995627889
445100,潮州市,广东省,东部,2018,-0.21095918911393885,-0.1309888927080644
445100,潮州市,广东省,东部,2019,0.736182281070592,0.45555477862230215
445100,潮州市,广东省,东部,2020,0.12665951009768045,0.07809086736915428
445100,潮州市,广东省,东部,2021,-1.2212669820255557,-0.7566500644363021
445100,潮州市,广东省,东部,2022,0.13277207064763602,0.08187624032458152
445100,潮州市,广东省,东部,2023,-0.015002715446270076,-0.00963740182297663
445200,揭阳市,广东省,东部,2016,0.09550085385417373,0.05879500376049338
445200,揭阳市,广东省,东部,2017,0.3609069574414218,0.22315510760139323
445200,揭阳市,广东省,东部,2018,-0.3983331806004462,-0.24702544304188997
445200,揭阳市,广东省,东部,2019,1.2911525096920142,0.7992355123053517
445200,揭阳市,广东省,东部,2020,-0.34690565493575065,-0.2151775188823341
445200,揭阳市,广东省,东部,2021,-0.6232498243599409,-0.3863113239022176
445200,揭阳市,广东省,东部,2022,0.9356031020641811,0.5790516628443673
445200,揭阳市,广东省,东部,2023,-0.9768826318824184,-0.6053082654960507
445300,云浮市,广东省,东部,2016,0.38177132518929835,0.23607594703675455
445300,云浮市,广东省,东部,2017,0.8630964544812298,0.5341499067625904
445300,云浮市,广东省,东部,2018,0.24522884933971895,0.15151822509290735
445300,云浮市,广东省,东部,2019,-0.24774414199912148,-0.1537689968363167
445300,云浮市,广东省,东部,2020,-0.5601158020717103,-0.34721382644856136
445300,云浮市,广东省,东部,2021,-1.1243692760334,-0.6966434677395528
445300,云浮市,广东省,东部,2022,0.30545040764494713,0.18881209830352963
445300,云浮市,广东省,东部,2023,0.5486912674111041,0.3394457590564476
450100,南宁市,广西壮族自治区,西部,2016,-0.596915350142857,-0.37000296905124286
450100,南宁市,广西壮族自治区,西部,2017,-0.536426248180311,-0.3325434119972411
450100,南宁市,广西壮族自治区,西部,2018,1.1753404955095181,0.7275157047358117
450100,南宁市,广西壮族自治区,西部,2019,-0.8283970692663569,-0.5133544552385276
450100,南宁市,广西壮族自治区,西部,2020,1.3581682216408,0.8407368539323854
450100,南宁市,广西壮族自治区,西部,2021,-0.24053962475231774,-0.14930739935681883
450100,南宁市,广西壮族自治区,西部,2022,0.8587211294864774,0.5314403651930659
450100,南宁市,广西壮族自治区,西部,2023,0.2887581366918554,0.17847494572825476
450200,柳州市,广西壮族自治区,西部,2016,-0.2979711274667069,-0.18487345312231881
450200,柳州市,广西壮族自治区,西部,2017,-0.9121158613130922,-0.5651996433041168
450200,柳州市,广西壮族自治区,西部,2018,-0.6090441258474426,-0.37751405039912656
450200,柳州市,广西壮族自治区,西部,2019,0.30143745569916736,0.18632696631296075
450200,柳州市,广西壮族自治区,西部,2020,1.2886118983592136,0.7976621681477213
450200,柳州市,广西壮族自治区,西部,2021,1.7956758036697469,1.1116755800639033
450200,柳州市,广西壮族自治区,西部,2022,1.1027358397329312,0.6825532543570105
450200,柳州市,广西壮族自治区,西部,2023,0.9763353445678806,0.6042762357426313
450300,桂林市,广西壮族自治区,西部,2016,-0.31490950909274107,-0.19536301656989255
450300,桂林市,广西壮族自治区,西部,2017,0.6941149812157195,0.42950343436532956
450300,桂林市,广西壮族自治区,西部,2018,0.921322624583431,0.5702080803874847
450300,桂林市,广西壮族自治区,西部,2019,-0.23930678963621804,-0.14854393195738036
450300,桂林市,广西壮族自治区,西部,2020,0.702093523217066,0.4344443681800231
450300,桂林市,广西壮族自治区,西部,2021,-0.9453327185493483,-0.5857701050637676
450300,桂林市,广西壮族自治区,西部,2022,-0.28779108551965105,-0.17856917929851512
450300,桂林市,广西壮族自治区,西部,2023,0.12074045877464523,0.07442533037906818
450400,梧州市,广西壮族自治区,西部,2016,-0.4851855860714797,-0.3008112082865777
450400,梧州市,广西壮族自治区,西部,2017,-1.2389182388874505,-0.7675810956806145
450400,梧州市,广西壮族自治区,西部,2018,4.583541537758352,2.8381388955492577
450400,梧州市,广西壮族自治区,西部,2019,0.8523402498247183,0.5274888281725232
450400,梧州市,广西壮族自治区,西部,2020,-1.2259324309839852,-0.7595392733313033
450400,梧州市,广西壮族自治区,西部,2021,-2.9680968646398243,-1.8384230041625564
450400,梧州市,广西壮族自治区,西部,2022,0.20830946344700757,0.12865486958957956
450400,梧州市,广西壮族自治区,西部,2023,-0.16373053400801077,-0.10174123580583878
450500,北海市,广西壮族自治区,西部,2016,-1.2399274153364839,-0.7682060562362123
450500,北海市,广西壮族自治区,西部,2017,-2.573959054449163,-1.5943422142523636
450500,北海市,广西壮族自治区,西部,2018,0.44882342363675853,0.27759982201407557
450500,北海市,广西壮族自治区,西部,2019,-0.5660077416382633,-0.35086257373015733
450500,北海市,广西壮族自治区,西部,2020,1.199988495220899,0.7427796633911607
450500,北海市,广西壮族自治区,西部,2021,-1.612482696663723,-0.9989212654864442
450500,北海市,广西壮族自治区,西部,2022,-0.8574307372492962,-0.5313343608249468
450500,北海市,广西壮族自治区,西部,2023,-0.377826468028168,-0.2343260915113132
450600,防城港市,广西壮族自治区,西部,2016,-0.49726187248982484,-0.3082897841855648
450600,防城港市,广西壮族自治区,西部,2017,0.10795735213391278,0.06650903641867174
450600,防城港市,广西壮族自治区,西部,2018,1.7574159762042716,1.0879821188730487
450600,防城港市,广西壮族自治区,西部,2019,0.5228028827580185,0.3234136575623855
450600,防城港市,广西壮族自治区,西部,2020,-0.0655631781609497,-0.04094837315976379
450600,防城港市,广西壮族自治区,西部,2021,-0.5713979945535786,-0.3542006376138265
450600,防城港市,广西壮族自治区,西部,2022,-1.7965989048245405,-1.112940342979727
450600,防城港市,广西壮族自治区,西部,2023,-0.6644543202777057,-0.4118283528484997
450700,钦州市,广西壮族自治区,西部,2016,-1.9596915094742449,-1.213939969866967
450700,钦州市,广西壮族自治区,西部,2017,-1.71449093611014,-1.06209270201872
450700,钦州市,广西壮族自治区,西部,2018,0.9536142522719602,0.5902055680426004
450700,钦州市,广西壮族自治区,西部,2019,-0.3562238052217887,-0.22094804234776322
450700,钦州市,广西壮族自治区,西部,2020,0.24597430274226947,0.15197986782453912
450700,钦州市,广西壮族自治区,西部,2021,-1.8540074357534078,-1.1484921708287814
450700,钦州市,广西壮族自治区,西部,2022,-1.4682462754262537,-0.9095988540881811
450700,钦州市,广西壮族自治区,西部,2023,0.3622246511963008,0.22397112607065658
450800,贵港市,广西壮族自治区,西部,2016,-1.2999148824873135,-0.8053549619953512
450800,贵港市,广西壮族自治区,西部,2017,-1.268168954709468,-0.7856954141719639
450800,贵港市,广西壮族自治区,西部,2018,-0.1590975861277012,-0.09887215410649182
450800,贵港市,广西壮族自治区,西部,2019,-0.46658377421683356,-0.2892915194522422
450800,贵港市,广西壮族自治区,西部,2020,-0.838504803308237,-0.5196139503830071
450800,贵港市,广西壮族自治区,西部,2021,-0.6284661373602337,-0.3895416706606633
450800,贵港市,广西壮族自治区,西部,2022,0.6131393001620291,0.3793569939983432
450800,贵港市,广西壮族自治区,西部,2023,0.8877090376693502,0.5493919327518775
450900,玉林市,广西壮族自治区,西部,2016,-0.3630875397488142,-0.22519860065953703
450900,玉林市,广西壮族自治区,西部,2017,-0.6768171565048329,-0.41948438267823834
450900,玉林市,广西壮族自治区,西部,2018,1.061156107096618,0.6568038496469765
450900,玉林市,广西壮族自治区,西部,2019,-0.3084349791450184,-0.19135348400773391
450900,玉林市,广西壮族自治区,西部,2020,-0.3628288484604217,-0.22503839889157373
450900,玉林市,广西壮族自治区,西部,2021,-1.4891741997546875,-0.9225590527019447
450900,玉林市,广西壮族自治区,西部,2022,-0.13840310592659585,-0.086056522254721
450900,玉林市,广西壮族自治区,西部,2023,0.0742773834229769,0.045651780010972275
451000,百色市,广西壮族自治区,西部,2016,-1.1575120508248622,-0.717168051886916
451000,百色市,广西壮族自治区,西部,2017,-2.6662991751634566,-1.6515263996352492
451000,百色市,广西壮族自治区,西部,2018,2.6375127429606495,1.6330064947972676
451000,百色市,广西壮族自治区,西部,2019,-0.7748785855932823,-0.4802116472359136
451000,百色市,广西壮族自治区,西部,2020,-0.7681132115312375,-0.4760220013749823
451000,百色市,广西壮族自治区,西部,2021,-1.994493713256361,-1.235492201523314
451000,百色市,广西壮族自治区,西部,2022,-0.8842831540282678,-0.547963465998182
451000,百色市,广西壮族自治区,西部,2023,-0.8156406082064763,-0.5054546622944097
451100,贺州市,广西壮族自治区,西部,2016,-0.3181159188581254,-0.19734867490582378
451100,贺州市,广西壮族自治区,西部,2017,-0.2905416768998627,-0.1802725594347103
451100,贺州市,广西壮族自治区,西部,2018,-0.7030331702042996,-0.43571937756230406
451100,贺州市,广西壮族自治区,西部,2019,-1.8252043684521602,-1.1306550711216408
451100,贺州市,广西壮族自治区,西部,2020,-0.6608314594675297,-0.40958479563216804
451100,贺州市,广西壮族自治区,西部,2021,-2.2057557983402556,-1.3663221175377334
451100,贺州市,广西壮族自治区,西部,2022,-0.10842488034634325,-0.06749167313203876
451100,贺州市,广西壮族自治区,西部,2023,0.8288832403268525,0.5129624232980444
451200,河池市,广西壮族自治区,西部,2016,0.2089812297327745,0.1290708795267782
451200,河池市,广西壮族自治区,西部,2017,-0.733059660464339,-0.4543141159289577
451200,河池市,广西壮族自治区,西部,2018,0.1606345589589335,0.0991308603586128
451200,河池市,广西壮族自治区,西部,2019,-0.7960334212751956,-0.4933123670099539
451200,河池市,广西壮族自治区,西部,2020,-0.6403085091576064,-0.39687538843139597
451200,河池市,广西壮族自治区,西部,2021,-0.7800188322959242,-0.48339488782606954
451200,河池市,广西壮族自治区,西部,2022,-0.12950935609520456,-0.0805488205626161
451200,河池市,广西壮族自治区,西部,2023,0.48782091549039697,0.3017501023729882
451300,来宾市,广西壮族自治区,西部,2016,1.4076084889632725,0.8713541131484008
451300,来宾市,广西壮族自治区,西部,2017,-0.31123592925644744,-0.19308805018743116
451300,来宾市,广西壮族自治区,西部,2018,0.73956694829496,0.4576508278425158
451300,来宾市,广西壮族自治区,西部,2019,1.57693464440022,0.9762140395571701
451300,来宾市,广西壮族自治区,西部,2020,-0.8085964059672535,-0.5010923443376398
451300,来宾市,广西壮族自治区,西部,2021,-1.4959221499153426,-0.9267379083278249
451300,来宾市,广西壮族自治区,西部,2022,-0.09796295488353735,-0.06101283510909455
451300,来宾市,广西壮族自治区,西部,2023,-0.2546773535530181,-0.1580625807273698
451400,崇左市,广西壮族自治区,西部,2016,-1.032648840629053,-0.6398430397025415
451400,崇左市,广西壮族自治区,西部,2017,-1.5833654740040781,-0.9808896163449443
451400,崇左市,广西壮族自治区,西部,2018,-0.8036671067361663,-0.498039738830329
451400,崇左市,广西壮族自治区,西部,2019,4.39574060853966,2.7218379521624954
451400,崇左市,广西壮族自治区,西部,2020,-0.3958214716624374,-0.2454699974952749
451400,崇左市,广西壮族自治区,西部,2021,-2.7032712645287553,-1.67442239322832
451400,崇左市,广西壮族自治区,西部,2022,-0.5949772068830238,-0.36880271998711384
451400,崇左市,广西壮族自治区,西部,2023,-0.4232344733703469,-0.26244626046136615
460100,海口市,海南省,东部,2016,-0.6184174571418183,-0.38331874623714934
460100,海口市,海南省,东部,2017,-0.7499364433100875,-0.46476553262034387
460100,海口市,海南省,东部,2018,-0.31055153106920824,-0.19266421759427385
460100,海口市,海南省,东部,2019,-0.21689622373073397,-0.13466556635246943
460100,海口市,海南省,东部,2020,1.4953320164260906,0.9256793448902513
460100,海口市,海南省,东部,2021,-0.832327571358197,-0.5157885278662105
460100,海口市,海南省,东部,2022,0.9017967326179883,0.5581161292693698
460100,海口市,海南省,东部,2023,-0.47531493970291727,-0.29469853627117926
460200,三亚市,海南省,东部,2016,-0.3858521365572052,-0.23929620973766952
460200,三亚市,海南省,东部,2017,-0.8245767040846196,-0.5109885879525324
460200,三亚市,海南省,东部,2018,-0.46959460453428037,-0.2911560597809472
460200,三亚市,海南省,东部,2019,-0.6525294013691458,-0.4044435154856284
460200,三亚市,海南省,东部,2020,2.4510129150338633,1.517511294536058
460200,三亚市,海南省,东部,2021,-1.4763770459122014,-0.914634059621567
460200,三亚市,海南省,东部,2022,1.376878687482297,0.8523238297669826
460200,三亚市,海南省,东部,2023,-1.1302996923402637,-0.7003160428116458
460400,儋州市,海南省,东部,2016,-1.9265556864011972,-1.1934196907643826
460400,儋州市,海南省,东部,2017,-0.7432681476973383,-0.4606360052864219
460400,儋州市,海南省,东部,2018,-0.43574680278296524,-0.270194868099824
460400,儋州市,海南省,东部,2019,0.06249722730260621,0.03835659102685893
460400,儋州市,海南省,东部,2020,0.6014479624733144,0.3721168082958148
460400,儋州市,海南省,东部,2021,-11.940998449249133,-7.395141618645164
460400,儋州市,海南省,东部,2022,0.7067070345901016,0.4373014132822057
460400,儋州市,海南省,东部,2023,-0.6386407799538545,-0.3958426007848336
500000,重庆市,重庆市,西部,2016,0.5684880521271591,0.35170546803701785
500000,重庆市,重庆市,西部,2017,-0.5519147318480428,-0.34213508584934454
500000,重庆市,重庆市,西部,2018,0.32671810235630183,0.2019827091672911
500000,重庆市,重庆市,西部,2019,-0.9980318751809045,-0.6184055220312716
500000,重庆市,重庆市,西部,2020,0.32127394244504964,0.19861126187860537
500000,重庆市,重庆市,西部,2021,-0.6733728285834518,-0.41735138691375245
500000,重庆市,重庆市,西部,2022,0.5045225638714637,0.31209306218108446
500000,重庆市,重庆市,西部,2023,0.21592694233512455,0.13337220503942235
510100,成都市,四川省,西部,2016,-0.633807133310357,-0.39284923080005363
510100,成都市,四川省,西部,2017,-1.1882353636223029,-0.73619431697077
510100,成都市,四川省,西部,2018,-0.5721008621512715,-0.3546359079025719
510100,成都市,四川省,西部,2019,-0.7029822475054084,-0.4356878422661504
510100,成都市,四川省,西部,2020,1.7108782688174218,1.0591623505435477
510100,成都市,四川省,西部,2021,-0.911460641417539,-0.5647938801787923
510100,成都市,四川省,西部,2022,0.23053036946355876,0.14241578303865032
510100,成都市,四川省,西部,2023,-0.09924844728389084,-0.06180891199486719
510300,自贡市,四川省,西部,2016,0.19217701582321084,0.11866440316542116
510300,自贡市,四川省,西部,2017,0.20714098789390828,0.1279312586377319
510300,自贡市,四川省,西部,2018,-0.408674702579196,-0.2534297178619734
510300,自贡市,四川省,西部,2019,0.9234169068539512,0.571505022872237
510300,自贡市,四川省,西部,2020,-0.4307522582044337,-0.26710185759829425
510300,自贡市,四川省,西部,2021,-0.5750433156666154,-0.3564581039967546
510300,自贡市,四川省,西部,2022,0.7151311795564119,0.4425182991138399
510300,自贡市,四川省,西部,2023,-0.3874791224231648,-0.2403037659402679
510400,攀枝花市,四川省,西部,2016,-0.34714914270809266,-0.21532830545055998
510400,攀枝花市,四川省,西部,2017,-1.010770914661574,-0.626294526178412
510400,攀枝花市,四川省,西部,2018,0.2308295167630762,0.14260103831555562
510400,攀枝花市,四川省,西部,2019,3.104148107713524,1.9219834096834993
510400,攀枝花市,四川省,西部,2020,-0.3559034370193609,-0.220749645437117
510400,攀枝花市,四川省,西部,2021,-1.1190065182890339,-0.6933224310044354
510400,攀枝花市,四川省,西部,2022,-0.36218654629212343,-0.2246406354277654
510400,攀枝花市,四川省,西部,2023,-0.3652464963349016,-0.22653559451115232
510500,泸州市,四川省,西部,2016,-0.9122045682749047,-0.5652545775549039
510500,泸州市,四川省,西部,2017,-0.043230872135201534,-0.02711847215979643
510500,泸州市,四川省,西部,2018,-0.3233936974124004,-0.20061708591636693
510500,泸州市,四川省,西部,2019,-2.4358756252644462,-1.5088302141410066
510500,泸州市,四川省,西部,2020,-1.814869923569377,-1.1242551789898687
510500,泸州市,四川省,西部,2021,-1.6367209370762335,-1.0139314693109818
510500,泸州市,四川省,西部,2022,2.497764600777159,1.5464635749080846
510500,泸州市,四川省,西部,2023,0.2015586077735726,0.12447421464418211
510600,德阳市,四川省,西部,2016,-0.8342025855410256,-0.5169496824953902
510600,德阳市,四川省,西部,2017,-0.94334044726528,-0.584536335716707
510600,德阳市,四川省,西部,2018,-1.5387191242936877,-0.9532411238071508
510600,德阳市,四川省,西部,2019,-0.21353014310202073,-0.13258102739803548
510600,德阳市,四川省,西部,2020,-0.18144438390214138,-0.11271102952448371
510600,德阳市,四川省,西部,2021,-1.1131717036802877,-0.6897090599401537
510600,德阳市,四川省,西部,2022,-0.4029292555153021,-0.24987169013288027
510600,德阳市,四川省,西部,2023,-0.6879425578489136,-0.4263740965750541
510700,绵阳市,四川省,西部,2016,-0.2924153086439911,-0.18143285795031439
510700,绵阳市,四川省,西部,2017,-0.7188189102848823,-0.44549513570720717
510700,绵阳市,四川省,西部,2018,-0.7801750677860066,-0.4834916409942391
510700,绵阳市,四川省,西部,2019,-2.0528277932182104,-1.2716172013270248
510700,绵阳市,四川省,西部,2020,0.06841918754888354,0.042023929448485896
510700,绵阳市,四川省,西部,2021,-0.7288667656472418,-0.45171754931569025
510700,绵阳市,四川省,西部,2022,-0.15364420392814393,-0.09549499565953584
510700,绵阳市,四川省,西部,2023,-0.8643277369373168,-0.535605519511925
510800,广元市,四川省,西部,2016,-0.3503713417704138,-0.21732374174731814
510800,广元市,四川省,西部,2017,-0.838207384668678,-0.5194297656268111
510800,广元市,四川省,西部,2018,-0.7330555094571931,-0.45431154530244866
510800,广元市,四川省,西部,2019,-1.7697107146289188,-1.0962890841242825
510800,广元市,四川省,西部,2020,-1.3862709811149616,-0.8588333754376002
510800,广元市,四川省,西部,2021,-1.1583995451933096,-0.7177176574332266
510800,广元市,四川省,西部,2022,0.07304124580566004,0.0448862674458965
510800,广元市,四川省,西部,2023,-0.10811927796941237,-0.06730242036909363
510900,遂宁市,四川省,西部,2016,-1.8410675326410892,-1.140478776296833
510900,遂宁市,四川省,西部,2017,-0.7193475991552398,-0.4458225409795691
510900,遂宁市,四川省,西部,2018,-0.4602029919381824,-0.2853400427388948
510900,遂宁市,四川省,西部,2019,-1.939381589270142,-1.2013624874781743
510900,遂宁市,四川省,西部,2020,-0.9901508720437189,-0.6135249918682851
510900,遂宁市,四川省,西部,2021,-0.719276959851997,-0.44577879562835326
510900,遂宁市,四川省,西部,2022,-0.41365002272028134,-0.25651082309647183
510900,遂宁市,四川省,西部,2023,-0.4888507332616099,-0.30308095251860495
511000,内江市,四川省,西部,2016,-0.30854960073800775,-0.19142446661390428
511000,内江市,四川省,西部,2017,0.4409232790041242,0.27270743794819424
511000,内江市,四川省,西部,2018,-0.8177897713576289,-0.5067855912893352
511000,内江市,四川省,西部,2019,0.3277611578953241,0.20262865029068042
511000,内江市,四川省,西部,2020,-0.5398469779163972,-0.33466179392981765
511000,内江市,四川省,西部,2021,-0.5105540570624217,-0.31652133879977973
511000,内江市,四川省,西部,2022,0.11803625667473362,0.07275067809360504
511000,内江市,四川省,西部,2023,-0.7508847975155347,-0.46535282731168104
511100,乐山市,四川省,西部,2016,-0.5497084509049245,-0.34076878507475095
511100,乐山市,四川省,西部,2017,-0.09997577931964682,-0.06225933256661703
511100,乐山市,四川省,西部,2018,-0.13081995803774246,-0.08136044723004426
511100,乐山市,四川省,西部,2019,-1.3518595770090294,-0.8375231573389312
511100,乐山市,四川省,西部,2020,-0.38460632466209943,-0.23852470610727733
511100,乐山市,四川省,西部,2021,-0.6619642797707304,-0.41028632607985016
511100,乐山市,四川省,西部,2022,-0.22626247037502129,-0.14046587482408104
511100,乐山市,四川省,西部,2023,-0.055407178782921125,-0.03465898836484269
511300,南充市,四川省,西部,2016,-0.5990422130375885,-0.3713200879927766
511300,南充市,四川省,西部,2017,-1.1676263463150165,-0.7234316103905464
511300,南充市,四川省,西部,2018,-1.2121440941184654,-0.7510004626243176
511300,南充市,四川省,西部,2019,-1.9170187148504718,-1.1875136561509412
511300,南充市,四川省,西部,2020,-1.1837039686287958,-0.7333881247181788
511300,南充市,四川省,西部,2021,-1.0316657333285753,-0.639234223191507
511300,南充市,四川省,西部,2022,0.2886586912245453,0.1784133613595734
511300,南充市,四川省,西部,2023,-0.03229740315663793,-0.020347617713085384
511400,眉山市,四川省,西部,2016,-1.156001120354936,-0.7162323662128607
511400,眉山市,四川省,西部,2017,-0.4413204864635733,-0.2736465265814456
511400,眉山市,四川省,西部,2018,-0.749518306369953,-0.4645065897024105
511400,眉山市,四川省,西部,2019,-1.681356536113179,-1.0415733041955417
511400,眉山市,四川省,西部,2020,-0.5054462282993177,-0.31335817391940113
511400,眉山市,四川省,西部,2021,-1.1527925351133077,-0.7142453606528206
511400,眉山市,四川省,西部,2022,-0.7352252027074143,-0.4556551881316424
511400,眉山市,四川省,西部,2023,-0.6645382003063904,-0.4118802978868333
511500,宜宾市,四川省,西部,2016,-0.6799931081924177,-0.4214511790032276
511500,宜宾市,四川省,西部,2017,-1.3327387457741748,-0.8256820513326713
511500,宜宾市,四川省,西部,2018,-1.2476907028792692,-0.7730136877466892
511500,宜宾市,四川省,西部,2019,-3.2445031151221375,-2.009595254602578
511500,宜宾市,四川省,西部,2020,-0.6828898819769941,-0.42324508665494087
511500,宜宾市,四川省,西部,2021,-1.5028326790529116,-0.9310174455023459
511500,宜宾市,四川省,西部,2022,-0.8586148074821742,-0.532067629215539
511500,宜宾市,四川省,西部,2023,-1.1836201229024483,-0.7333362009225206
511600,广安市,四川省,西部,2016,-1.2035712531287004,-0.745691492648704
511600,广安市,四川省,西部,2017,-2.2778844863655765,-1.4109898116620039
511600,广安市,四川省,西部,2018,-0.4797864710764246,-0.2974676563138006
511600,广安市,四川省,西部,2019,0.4951605013434199,0.3062953448397105
511600,广安市,四川省,西部,2020,-1.7003646728842718,-1.05334462102395
511600,广安市,四川省,西部,2021,-1.3544517436497772,-0.83912842855345
511600,广安市,四川省,西部,2022,0.8399100632535134,0.519791089770914
511600,广安市,四川省,西部,2023,-0.0420859689302183,-0.02640945903946718
511700,达州市,四川省,西部,2016,-0.5700371102074783,-0.3533578721709173
511700,达州市,四川省,西部,2017,-0.5975293860067178,-0.3703832278206612
511700,达州市,四川省,西部,2018,-0.2753864757142852,-0.17088728001979134
511700,达州市,四川省,西部,2019,-1.6981006207282336,-1.0519425438206076
511700,达州市,四川省,西部,2020,0.3091158705173261,0.1910820380305605
511700,达州市,四川省,西部,2021,-0.5975413036198792,-0.37039060813373714
511700,达州市,四川省,西部,2022,0.31662491702051565,0.19573222371328977
511700,达州市,四川省,西部,2023,0.15756282732637406,0.09722860519840741
511800,雅安市,四川省,西部,2016,-0.8189050819093548,-0.5074762783369158
511800,雅安市,四川省,西部,2017,-0.8754784605701831,-0.5425109149396402
511800,雅安市,四川省,西部,2018,-0.5115862286826368,-0.3171605397540427
511800,雅安市,四川省,西部,2019,-0.7773439536437257,-0.48173839490034215
511800,雅安市,四川省,西部,2020,-3.5473177356305454,-2.1971216219264678
511800,雅安市,四川省,西部,2021,0.04266502032883618,0.02607494582900646
511800,雅安市,四川省,西部,2022,1.8749454533350802,1.160765513092301
511800,雅安市,四川省,西部,2023,-0.7002444027509858,-0.43399235583213464
511900,巴中市,四川省,西部,2016,-0.749074670594392,-0.46423185592216504
511900,巴中市,四川省,西部,2017,-1.4478791499614059,-0.8969859457522483
511900,巴中市,四川省,西部,2018,-0.9657887096346593,-0.5984380459042652
511900,巴中市,四川省,西部,2019,-2.1192746934591637,-1.3127662904997943
511900,巴中市,四川省,西部,2020,-1.9284578015901455,-1.1945976284445916
511900,巴中市,四川省,西部,2021,0.025317936592620216,0.015332282244090207
511900,巴中市,四川省,西部,2022,-0.23938601615448743,-0.14859299518009342
511900,巴中市,四川省,西部,2023,-0.2767542482640447,-0.17173431117420224
512000,资阳市,四川省,西部,2016,6.010695707756537,3.721943768185748
512000,资阳市,四川省,西部,2017,1.8245989886138978,1.1295870659588292
512000,资阳市,四川省,西部,2018,1.8045911231422733,1.1171966393555846
512000,资阳市,四川省,西部,2019,7.140332015620884,4.421502438289955
512000,资阳市,四川省,西部,2020,1.1672465459067647,0.7225033015573964
512000,资阳市,四川省,西部,2021,0.5077184582193304,0.3140722085525515
512000,资阳市,四川省,西部,2022,0.9415083911316834,0.5827086771753363
512000,资阳市,四川省,西部,2023,0.5664753834710694,0.35045906705060087
520100,贵阳市,贵州省,西部,2016,-0.5174905585271558,-0.32081696005952764
520100,贵阳市,贵州省,西部,2017,-1.2539842446414726,-0.7769111383462861
520100,贵阳市,贵州省,西部,2018,-0.5943152682990367,-0.3683927961273008
520100,贵阳市,贵州省,西部,2019,-0.4445949047112559,-0.2756743010596265
520100,贵阳市,贵州省,西部,2020,0.7486504060740304,0.46327601145217484
520100,贵阳市,贵州省,西部,2021,-0.7851842542215631,-0.4865937188725492
520100,贵阳市,贵州省,西部,2022,-0.005023573094763756,-0.003457540655625898
520100,贵阳市,贵州省,西部,2023,-0.21944984169184395,-0.13624696522606408
520200,六盘水市,贵州省,西部,2016,-0.617861256739091,-0.3829743036839714
520200,六盘水市,贵州省,西部,2017,-1.1875647770087403,-0.7357790375783606
520200,六盘水市,贵州省,西部,2018,-0.1528608485759281,-0.09500988109248448
520200,六盘水市,贵州省,西部,2019,3.580222795036233,2.216805887338621
520200,六盘水市,贵州省,西部,2020,-0.17273928223672375,-0.10732015345066619
520200,六盘水市,贵州省,西部,2021,-0.7420464562212086,-0.4598794388956561
520200,六盘水市,贵州省,西部,2022,0.14845861938867722,0.09159057147648478
520200,六盘水市,贵州省,西部,2023,-0.12568812391259077,-0.07818241636223897
520300,遵义市,贵州省,西部,2016,-1.1570142562251922,-0.7168597787500613
520300,遵义市,贵州省,西部,2017,-1.7277521244793852,-1.0703050613727934
520300,遵义市,贵州省,西部,2018,-1.3878920598795088,-0.8598372735035227
520300,遵义市,贵州省,西部,2019,-1.9451102250968717,-1.2049101043815604
520300,遵义市,贵州省,西部,2020,-0.3900788516302136,-0.24191372048409132
520300,遵义市,贵州省,西部,2021,-1.4810811306322502,-0.9175471947854289
520300,遵义市,贵州省,西部,2022,-0.4729303427290503,-0.2932218083401103
520300,遵义市,贵州省,西部,2023,-0.09230488503596038,-0.05750891814894406
520400,安顺市,贵州省,西部,2016,-1.2273031575198425,-0.7603881338236805
520400,安顺市,贵州省,西部,2017,-1.8573268892407842,-1.1505478346304274
520400,安顺市,贵州省,西部,2018,-0.3804357101834335,-0.23594193721263299
520400,安顺市,贵州省,西部,2019,-0.8727319028448279,-0.5408100327562883
520400,安顺市,贵州省,西部,2020,0.12957113923840963,0.07989397461291486
520400,安顺市,贵州省,西部,2021,-1.3153463429366012,-0.8149113226350676
520400,安顺市,贵州省,西部,2022,0.3726829578502882,0.2304477230456929
520400,安顺市,贵州省,西部,2023,-0.2726160689479072,-0.16917162865515067
520500,毕节市,贵州省,西部,2016,-1.315739219691047,-0.8151546224811698
520500,毕节市,贵州省,西部,2017,-1.4643135402476761,-0.9071633985594906
520500,毕节市,贵州省,西部,2018,0.030888887541509744,0.018782248405667345
520500,毕节市,贵州省,西部,2019,0.757451242677565,0.4687261740463754
520500,毕节市,贵州省,西部,2020,-0.16500492332895278,-0.10253043680119157
520500,毕节市,贵州省,西部,2021,-0.3158728353631954,-0.1959595831284777
520500,毕节市,贵州省,西部,2022,0.7937911763847261,0.49123068768397127
520500,毕节市,贵州省,西部,2023,0.12347969594998223,0.076121679108423
520600,铜仁市,贵州省,西部,2016,-0.0922440961035016,-0.0574712729135246
520600,铜仁市,贵州省,西部,2017,-1.1008755883715533,-0.6820943488929418
520600,铜仁市,贵州省,西部,2018,-0.7060930283806386,-0.43761427975484607
520600,铜仁市,贵州省,西部,2019,-1.4849507231110908,-0.9199435474429145
520600,铜仁市,贵州省,西部,2020,-0.010433622110893825,-0.006807863824750706
520600,铜仁市,贵州省,西部,2021,-0.8728189885258245,-0.5408639629838836
520600,铜仁市,贵州省,西部,2022,0.7123246637376902,0.4407802862152609
520600,铜仁市,贵州省,西部,2023,0.11497471637332038,0.0708547341983737
530100,昆明市,云南省,西部,2016,-0.20286205577045727,-0.12597451790974426
530100,昆明市,云南省,西部,2017,-0.9282608146130771,-0.5751978542157196
530100,昆明市,云南省,西部,2018,-0.1346449728016079,-0.08372919389895887
530100,昆明市,云南省,西部,2019,-2.043131665195589,-1.2656126046462675
530100,昆明市,云南省,西部,2020,1.6531277355473897,1.023398728242339
530100,昆明市,云南省,西部,2021,-0.02400001376777723,-0.015209228794636077
530100,昆明市,云南省,西部,2022,0.8376031783262514,0.5183624871839011
530100,昆明市,云南省,西部,2023,0.3094737656315388,0.19130367452399863
530300,曲靖市,云南省,西部,2016,-0.6808012163185717,-0.4219516224132854
530300,曲靖市,云南省,西部,2017,-0.8167788023981739,-0.5061595206718548
530300,曲靖市,云南省,西部,2018,0.05207951814892703,0.03190513518187258
530300,曲靖市,云南省,西部,2019,-3.0845123291512158,-1.9105165151148729
530300,曲靖市,云南省,西部,2020,-1.5299127467843887,-0.9477875298531039
530300,曲靖市,云南省,西部,2021,-1.5899254018210767,-0.9849520339103951
530300,曲靖市,云南省,西部,2022,-0.8582741977375702,-0.5318566971674975
530300,曲靖市,云南省,西部,2023,-0.5760843091542514,-0.3571027681375297
530400,玉溪市,云南省,西部,2016,-0.45401923302922054,-0.2815105782214371
530400,玉溪市,云南省,西部,2017,0.010522768712272035,0.006169963456805126
530400,玉溪市,云南省,西部,2018,-0.4765015604481856,-0.295433384137434
530400,玉溪市,云南省,西部,2019,-2.2940557976730265,-1.4210043455020753
530400,玉溪市,云南省,西部,2020,-0.5369815656415451,-0.3328873077643672
530400,玉溪市,云南省,西部,2021,-1.4907219105761518,-0.9235175156306163
530400,玉溪市,云南省,西部,2022,-0.06144775354013479,-0.03839978211802019
530400,玉溪市,云南省,西部,2023,0.3639136235748979,0.22501706914347433
530500,保山市,云南省,西部,2016,-1.2989502275028546,-0.804757572593701
530500,保山市,云南省,西部,2017,-1.3602584529850075,-0.8427243946462142
530500,保山市,云南省,西部,2018,-1.4474031768176387,-0.8966911861582614
530500,保山市,云南省,西部,2019,-2.8129741788195712,-1.7423589709512228
530500,保山市,云南省,西部,2020,-1.0764175763564707,-0.666948045397252
530500,保山市,云南省,西部,2021,-0.9043008987709656,-0.5603600106145301
530500,保山市,云南省,西部,2022,-0.36067871851275823,-0.22370687118104685
530500,保山市,云南省,西部,2023,0.3388303611567523,0.20948356196337406
530600,昭通市,云南省,西部,2016,0.02091667465114841,0.012606678499662743
530600,昭通市,云南省,西部,2017,-0.7504737174230476,-0.4650982545427247
530600,昭通市,云南省,西部,2018,-0.44882186972866406,-0.2782919665910624
530600,昭通市,云南省,西部,2019,-3.4506240099480427,-2.1372413457039765
530600,昭通市,云南省,西部,2020,-0.9504109455941349,-0.588914938257607
530600,昭通市,云南省,西部,2021,-1.0323898330731236,-0.6396826420771187
530600,昭通市,云南省,西部,2022,0.22480632881098328,0.13887101182453407
530600,昭通市,云南省,西部,2023,-0.6819907364917212,-0.4226882658308148
530700,丽江市,云南省,西部,2016,-0.4922495407339308,-0.3051857584802442
530700,丽江市,云南省,西部,2017,-0.2599680652156585,-0.16133900092460907
530700,丽江市,云南省,西部,2018,0.5269211518245654,0.32596401010618037
530700,丽江市,云南省,西部,2019,-3.492489878076179,-2.1631679477674735
530700,丽江市,云南省,西部,2020,-0.2703286298106158,-0.16775506841386986
530700,丽江市,云南省,西部,2021,-0.697416376064743,-0.43224102173117307
530700,丽江市,云南省,西部,2022,-0.05220782839626952,-0.03267770174533352
530700,丽江市,云南省,西部,2023,-0.5124929035262595,-0.3177220233425268
530800,普洱市,云南省,西部,2016,-0.7870206151263588,-0.48773093638534226
530800,普洱市,云南省,西部,2017,-0.6113519848359725,-0.3789432562006436
530800,普洱市,云南省,西部,2018,-0.21027474876633573,-0.13056503400593034
530800,普洱市,云南省,西部,2019,-2.884872681206905,-1.7868841162235607
530800,普洱市,云南省,西部,2020,-0.7169562937837439,-0.4443416586868784
530800,普洱市,云南省,西部,2021,-0.5309584961806133,-0.3291573546522894
530800,普洱市,云南省,西部,2022,0.6075450780501928,0.375892616522532
530800,普洱市,云南省,西部,2023,-0.029690747930548045,-0.018733374039534307
530900,临沧市,云南省,西部,2016,-0.9334768557481328,-0.5784280326140634
530900,临沧市,云南省,西部,2017,-0.4569921792976162,-0.2833516578001752
530900,临沧市,云南省,西部,2018,-0.8058113937168807,-0.49936764812122836
530900,临沧市,云南省,西部,2019,-2.456502294687674,-1.5216038522844832
530900,临沧市,云南省,西部,2020,-1.800492053026796,-1.1153512831734231
530900,临沧市,云南省,西部,2021,-1.379339070249391,-0.8545405970339321
530900,临沧市,云南省,西部,2022,-1.1776491640608753,-0.7296385187593519
530900,临沧市,云南省,西部,2023,-0.8822489204157317,-0.5467037103133124
540100,拉萨市,西藏自治区,西部,2016,-0.6680387911250008,-0.4140481360136688
540100,拉萨市,西藏自治区,西部,2017,-0.1882723538628056,-0.11693943963483522
540100,拉萨市,西藏自治区,西部,2018,-1.3610696157556663,-0.8432267297297535
540100,拉萨市,西藏自治区,西部,2019,-0.6874728316607577,-0.4260832055818983
540100,拉萨市,西藏自治区,西部,2020,0.6295136781644395,0.3894972825313897
540100,拉萨市,西藏自治区,西部,2021,-0.8594988071284032,-0.5326150705580164
540100,拉萨市,西藏自治区,西部,2022,0.909979961599501,0.563183821183671
540100,拉萨市,西藏自治区,西部,2023,-1.7735167356574446,-1.0986460683948551
540200,日喀则市,西藏自治区,西部,2016,0.027203009649070464,0.016499666110241548
540200,日喀则市,西藏自治区,西部,2017,-1.108991991577109,-0.6871206570887562
540200,日喀则市,西藏自治区,西部,2018,1.3646602705582658,0.8447572356033145
540200,日喀则市,西藏自治区,西部,2019,-1.844067332630116,-1.1423364857881908
540200,日喀则市,西藏自治区,西部,2020,-0.7396142907026686,-0.45837325282162683
540200,日喀则市,西藏自治区,西部,2021,-0.9380851129525503,-0.5812818239263444
540200,日喀则市,西藏自治区,西部,2022,0.04471681573178227,0.027345577140534077
540200,日喀则市,西藏自治区,西部,2023,-1.7246316645572717,-1.068372629865387
540300,昌都市,西藏自治区,西部,2016,-0.06759227996079627,-0.042204950827040025
540300,昌都市,西藏自治区,西部,2017,-0.9173956463482708,-0.5684692968837086
540300,昌都市,西藏自治区,西部,2018,-1.3713803608988622,-0.849611945139299
540300,昌都市,西藏自治区,西部,2019,-2.4795033650745237,-1.5358479041963933
540300,昌都市,西藏自治区,西部,2020,-1.9287069000207315,-1.194751889568825
540300,昌都市,西藏自治区,西部,2021,-0.867407530675819,-0.5375127673552376
540300,昌都市,西藏自治区,西部,2022,0.09384652828150117,0.05777051668489101
540300,昌都市,西藏自治区,西部,2023,-1.2039673482233424,-0.7459367855413931
540400,林芝市,西藏自治区,西部,2016,0.18151688424506304,0.11206282049847978
540400,林芝市,西藏自治区,西部,2017,-0.002752637501625961,-0.0020512006926060836
540400,林芝市,西藏自治区,西部,2018,1.262171114074875,0.7812879778338194
540400,林芝市,西藏自治区,西部,2019,-0.4609435034362739,-0.2857986250588816
540400,林芝市,西藏自治区,西部,2020,-1.2840332908004828,-0.7955198450800833
540400,林芝市,西藏自治区,西部,2021,-0.6318234585302083,-0.3916207850768955
540400,林芝市,西藏自治区,西部,2022,1.0717714258576418,0.6633776807318089
540400,林芝市,西藏自治区,西部,2023,-1.3416883276155653,-0.8312243285482366
540500,山南市,西藏自治区,西部,2016,0.46578500431562286,0.2881037521196901
540500,山南市,西藏自治区,西部,2017,-0.11647719877498092,-0.07247829504917867
540500,山南市,西藏自治区,西部,2018,-0.5349440640881999,-0.3316255283163534
540500,山南市,西藏自治区,西部,2019,-2.3627811341489595,-1.4635644196187274
540500,山南市,西藏自治区,西部,2020,-1.4640952132238747,-0.907028193483879
540500,山南市,西藏自治区,西部,2021,-0.7437681722883945,-0.4609456594074018
540500,山南市,西藏自治区,西部,2022,1.093379514326484,0.6767590898875887
540500,山南市,西藏自治区,西部,2023,-1.7156850926476808,-1.0628322166337183
540600,那曲市,西藏自治区,西部,2016,-0.4193571367664482,-0.2600451120392711
540600,那曲市,西藏自治区,西部,2017,-1.3743749587790004,-0.8514664330801894
540600,那曲市,西藏自治区,西部,2018,-1.7318070067963718,-1.0728161599107493
540600,那曲市,西藏自治区,西部,2019,-2.1137135067097486,-1.3093223710900357
540600,那曲市,西藏自治区,西部,2020,-0.3910190800120991,-0.24249598303341535
540600,那曲市,西藏自治区,西部,2021,0.31482596225778575,0.19461817099328454
540600,那曲市,西藏自治区,西部,2022,0.4770202116995246,0.29506146645757864
540600,那曲市,西藏自治区,西部,2023,-1.4351779623232983,-0.8891203824103117
610100,西安市,陕西省,西部,2016,0.026324991618593533,0.01595592904951517
610100,西安市,陕西省,西部,2017,-1.3145308382129155,-0.814406298676477
610100,西安市,陕西省,西部,2018,-0.6200014249618762,-0.3842996623195852
610100,西安市,陕西省,西部,2019,-0.6751368441619598,-0.4184438025731581
610100,西安市,陕西省,西部,2020,1.2602394700802657,0.7800917536202596
610100,西安市,陕西省,西部,2021,-0.17823393614938196,-0.11072287055267672
610100,西安市,陕西省,西部,2022,-0.09812239795458154,-0.06111157466089585
610100,西安市,陕西省,西部,2023,0.07571535605911982,0.04654228451935532
610200,铜川市,陕西省,西部,2016,1.6377272875429205,1.0138615729207439
610200,铜川市,陕西省,西部,2017,-0.35957273338492735,-0.22302195916131623
610200,铜川市,陕西省,西部,2018,1.2130220668380827,0.7508510647472864
610200,铜川市,陕西省,西部,2019,-0.7558639939688874,-0.4684363330602527
610200,铜川市,陕西省,西部,2020,-0.8774758006423857,-0.5437478232745869
610200,铜川市,陕西省,西部,2021,-1.484438336454984,-0.9196262377696774
610200,铜川市,陕西省,西部,2022,-1.0745781969152182,-0.6658089585718894
610200,铜川市,陕西省,西部,2023,0.4120267812120718,0.2548124788136965
610300,宝鸡市,陕西省,西部,2016,-0.623125840049001,-0.3862345431728173
610300,宝鸡市,陕西省,西部,2017,-1.5904348303158498,-0.9852675116600351
610300,宝鸡市,陕西省,西部,2018,-0.2029682671655324,-0.12604029226718247
610300,宝鸡市,陕西省,西部,2019,0.5306703330061804,0.32828579472228286
610300,宝鸡市,陕西省,西部,2020,-0.6884692162153929,-0.42670024440147275
610300,宝鸡市,陕西省,西部,2021,-1.3873790867341806,-0.8595196006305399
610300,宝鸡市,陕西省,西部,2022,-0.5675090077671844,-0.35179227449252576
610300,宝鸡市,陕西省,西部,2023,0.8708480424654631,0.5389502929963669
610400,咸阳市,陕西省,西部,2016,-0.7970519656396281,-0.493943128907446
610400,咸阳市,陕西省,西部,2017,0.9417737605019543,0.5828730145310503
610400,咸阳市,陕西省,西部,2018,0.015529056685625375,0.00927024638186344
610400,咸阳市,陕西省,西部,2019,1.295860236461794,0.8021509029097024
610400,咸阳市,陕西省,西部,2020,-0.256215567617758,-0.15901516252557651
610400,咸阳市,陕西省,西部,2021,-1.5791118353153468,-0.9782554324014251
610400,咸阳市,陕西省,西部,2022,-0.8802040527570487,-0.5454373691999043
610400,咸阳市,陕西省,西部,2023,-0.07512907266275759,-0.04687231911427491
610500,渭南市,陕西省,西部,2016,0.619869538254845,0.3835248809340917
610500,渭南市,陕西省,西部,2017,-1.2450346028142958,-0.7713688239828559
610500,渭南市,陕西省,西部,2018,-0.9304268992375889,-0.5765392623031786
610500,渭南市,陕西省,西部,2019,-0.47737739350600983,-0.29597576809313664
610500,渭南市,陕西省,西部,2020,-0.25933531000877136,-0.16094714968191276
610500,渭南市,陕西省,西部,2021,-1.6850935342789222,-1.0438875441405657
610500,渭南市,陕西省,西部,2022,-0.2590038040406273,-0.16074185540038874
610500,渭南市,陕西省,西部,2023,0.8418555875881947,0.5209959097707227
610600,延安市,陕西省,西部,2016,3.906428739874481,2.4188179821716553
610600,延安市,陕西省,西部,2017,-1.685642788607761,-1.0442276851444947
610600,延安市,陕西省,西部,2018,-1.8123690762087836,-1.1227064597768524
610600,延安市,陕西省,西部,2019,-0.30338556847263753,-0.18822649615315717
610600,延安市,陕西省,西部,2020,1.619839561689252,1.0027841016830863
610600,延安市,陕西省,西部,2021,-2.2063753170366596,-1.3667057717035422
610600,延安市,陕西省,西部,2022,-0.9113823785896068,-0.5647454137480963
610600,延安市,陕西省,西部,2023,0.7343918765402815,0.4544460208712871
610700,汉中市,陕西省,西部,2016,-0.7243199977209556,-0.44890183694734515
610700,汉中市,陕西省,西部,2017,-1.6549930453585664,-1.0252469800474904
610700,汉中市,陕西省,西部,2018,-1.1762846386458403,-0.7287934984833394
610700,汉中市,陕西省,西部,2019,-0.334165862611664,-0.20728804851599025
610700,汉中市,陕西省,西部,2020,-0.3477348149088488,-0.21569099923352855
610700,汉中市,陕西省,西部,2021,-1.1911301572979047,-0.7379869983849843
610700,汉中市,陕西省,西部,2022,-0.5008428115522016,-0.310507380194794
610700,汉中市,陕西省,西部,2023,0.5418076749102423,0.33518290314263033
610800,榆林市,陕西省,西部,2016,-0.03832802968166105,-0.024082250747071526
610800,榆林市,陕西省,西部,2017,-2.7359734600965004,-1.6946741364500921
610800,榆林市,陕西省,西部,2018,-1.6415695488484865,-1.0169341068675433
610800,榆林市,陕西省,西部,2019,-0.5912604424052798,-0.3665010103155676
610800,榆林市,陕西省,西部,2020,1.377359869198243,0.8526218149140092
610800,榆林市,陕西省,西部,2021,-3.7715278888689787,-2.335969988902093
610800,榆林市,陕西省,西部,2022,-2.7455274037058697,-1.7005906814824103
610800,榆林市,陕西省,西部,2023,0.5277779349038838,0.3264945968333978
610900,安康市,陕西省,西部,2016,-1.3308752691510721,-0.824528041657918
610900,安康市,陕西省,西部,2017,-1.6672757742699869,-1.0328534011962303
610900,安康市,陕西省,西部,2018,-1.9317202039899077,-1.1966179617750927
610900,安康市,陕西省,西部,2019,-0.3776432902678042,-0.2342126535936926
610900,安康市,陕西省,西部,2020,1.028199359651464,0.6363944681025043
610900,安康市,陕西省,西部,2021,-1.3441505050864702,-0.832749100357637
610900,安康市,陕西省,西部,2022,-0.21724597419022879,-0.13488215904217776
610900,安康市,陕西省,西部,2023,0.8841689839362694,0.5471996561187961
611000,商洛市,陕西省,西部,2016,-1.065969609085892,-0.6604778513726668
611000,商洛市,陕西省,西部,2017,-0.538484101965419,-0.33381779513025195
611000,商洛市,陕西省,西部,2018,-0.5775276858336844,-0.3579966192498692
611000,商洛市,陕西省,西部,2019,0.5024728243104517,0.3108237040067952
611000,商洛市,陕西省,西部,2020,1.6786478354004841,1.0392027591413715
611000,商洛市,陕西省,西部,2021,-1.7517154647625723,-1.0851450256542656
611000,商洛市,陕西省,西部,2022,-0.007758845766807847,-0.005151434256164565
611000,商洛市,陕西省,西部,2023,1.5374778053443978,0.9517792956805406
620100,兰州市,甘肃省,西部,2016,-0.3557208248162542,-0.22063655775654165
620100,兰州市,甘肃省,西部,2017,-0.6925527523721746,-0.42922908762585654
620100,兰州市,甘肃省,西部,2018,-0.5434600671164715,-0.3368992998050939
620100,兰州市,甘肃省,西部,2019,0.8427876408433392,0.52157310964567
620100,兰州市,甘肃省,西部,2020,1.3632283505912866,0.8438704793784818
620100,兰州市,甘肃省,西部,2021,-0.7269390947188297,-0.4505237855337629
620100,兰州市,甘肃省,西部,2022,0.8893628850343279,0.5504161236840781
620100,兰州市,甘肃省,西部,2023,0.24900683441974017,0.15385784732340188
620200,嘉峪关市,甘肃省,西部,2016,4.7336035680167505,2.9310689771957734
620200,嘉峪关市,甘肃省,西部,2017,-2.8125756690172246,-1.742112182683696
620200,嘉峪关市,甘肃省,西部,2018,-2.5396152048532414,-1.5730738311609918
620200,嘉峪关市,甘肃省,西部,2019,2.534053039696071,1.568936198967297
620200,嘉峪关市,甘肃省,西部,2020,3.1375159585250434,1.9426473784099236
620200,嘉峪关市,甘肃省,西部,2021,-0.8388571864331971,-0.5198321734239523
620200,嘉峪关市,甘肃省,西部,2022,0.2598346552699376,0.16056327623123434
620200,嘉峪关市,甘肃省,西部,2023,0.15513677226598366,0.09572620319536371
620300,金昌市,甘肃省,西部,2016,2.3643063075060953,1.4638158187186705
620300,金昌市,甘肃省,西部,2017,0.12021112546354876,0.07409752601887318
620300,金昌市,甘肃省,西部,2018,-1.149608888469216,-0.7122737990122134
620300,金昌市,甘肃省,西部,2019,-2.5869237401793646,-1.6023709561090107
620300,金昌市,甘肃省,西部,2020,-0.4291714265013744,-0.2661228836434455
620300,金昌市,甘肃省,西部,2021,-2.0032678470576224,-1.2409258276652813
620300,金昌市,甘肃省,西部,2022,-2.0747474257606022,-1.2851915428064684
620300,金昌市,甘肃省,西部,2023,-0.4391669455284993,-0.27231288652219193
620400,白银市,甘肃省,西部,2016,1.0158091854311875,0.6287215084609337
620400,白银市,甘肃省,西部,2017,0.5743865978519378,0.35535830636564436
620400,白银市,甘肃省,西部,2018,-0.8007380284063093,-0.49622582569138274
620400,白银市,甘肃省,西部,2019,1.4039199407291019,0.8690698771696637
620400,白银市,甘肃省,西部,2020,-0.5722370247546096,-0.35472023037790834
620400,白银市,甘肃省,西部,2021,-1.4570810544662174,-0.9026844807878138
620400,白银市,甘肃省,西部,2022,-0.4116643081686744,-0.255281114188164
620400,白银市,甘肃省,西部,2023,-0.2419373530590308,-0.15017298144603106
620500,天水市,甘肃省,西部,2016,-0.3226503759140689,-0.20015676342565683
620500,天水市,甘肃省,西部,2017,0.19214804128842378,0.11864645987970929
620500,天水市,甘肃省,西部,2018,-0.8275445810227842,-0.5128265282076758
620500,天水市,甘肃省,西部,2019,0.5826249451681473,0.3604601318401458
620500,天水市,甘肃省,西部,2020,-1.1015050064057974,-0.682484133498757
620500,天水市,甘肃省,西部,2021,-1.2403450400314902,-0.7684646819321176
620500,天水市,甘肃省,西部,2022,-0.3145172447676129,-0.19512009598766128
620500,天水市,甘肃省,西部,2023,-0.27586325370908943,-0.1711825380401455
620600,武威市,甘肃省,西部,2016,-1.3705765296550882,-0.8491141503074865
620600,武威市,甘肃省,西部,2017,1.751891918413969,1.0845611926028327
620600,武威市,甘肃省,西部,2018,-0.2145622022454954,-0.1332201586979518
620600,武威市,甘肃省,西部,2019,0.3064581024214664,0.1894361412922554
620600,武威市,甘肃省,西部,2020,-1.8179759561312698,-1.1261786759536003
620600,武威市,甘肃省,西部,2021,-1.1400481552619848,-0.7063530493327732
620600,武威市,甘肃省,西部,2022,-0.2036227899598972,-0.12644562369322734
620600,武威市,甘肃省,西部,2023,-0.2618758916969645,-0.16252047548129644
620700,张掖市,甘肃省,西部,2016,-0.2901198072468942,-0.18001130493064257
620700,张掖市,甘肃省,西部,2017,1.653650571741129,1.023722509082091
620700,张掖市,甘肃省,西部,2018,-0.6334702748073375,-0.39264062181259013
620700,张掖市,甘肃省,西部,2019,-0.9942572329848878,-0.6160679699745775
620700,张掖市,甘肃省,西部,2020,-0.6624670022210966,-0.41059765092516665
620700,张掖市,甘肃省,西部,2021,-1.3367664186207977,-0.8281762996501011
620700,张掖市,甘肃省,西部,2022,-1.2806199103540683,-0.7934060143993328
620700,张掖市,甘肃省,西部,2023,-0.35551700253103813,-0.220510335143307
620800,平凉市,甘肃省,西部,2016,1.1488514527518516,0.7111116290214607
620800,平凉市,甘肃省,西部,2017,1.2209582644450232,0.7557657756192232
620800,平凉市,甘肃省,西部,2018,-0.260273903136893,-0.1615283995549087
620800,平凉市,甘肃省,西部,2019,-2.226359334561941,-1.3790814298034089
620800,平凉市,甘肃省,西部,2020,-1.1533382770492202,-0.7145833265098396
620800,平凉市,甘肃省,西部,2021,-1.8219074833532392,-1.1286133834215986
620800,平凉市,甘肃省,西部,2022,-1.708043928085222,-1.058100213171943
620800,平凉市,甘肃省,西部,2023,0.0036695470345859127,0.0019259155190797152
620900,酒泉市,甘肃省,西部,2016,0.46400847341709717,0.2870035860006307
620900,酒泉市,甘肃省,西部,2017,1.8100772519045125,1.1205940770213305
620900,酒泉市,甘肃省,西部,2018,-0.4237937416503716,-0.26279260288280015
620900,酒泉市,甘肃省,西部,2019,-0.18633062034785317,-0.11573696720546992
620900,酒泉市,甘肃省,西部,2020,-0.7629491172299754,-0.47282399249678553
620900,酒泉市,甘肃省,西部,2021,-1.8413684088921896,-1.140665102275044
620900,酒泉市,甘肃省,西部,2022,-0.7161745301912155,-0.44385752986123983
620900,酒泉市,甘肃省,西部,2023,-1.2171689624612159,-0.7541122519593727
621000,庆阳市,甘肃省,西部,2016,1.1492207803457748,0.7113403453956061
621000,庆阳市,甘肃省,西部,2017,1.4750874245672274,0.9131423188943681
621000,庆阳市,甘肃省,西部,2018,-1.7081720014226975,-1.0581795261446374
621000,庆阳市,甘肃省,西部,2019,-0.07997708863689973,-0.04987458770630223
621000,庆阳市,甘肃省,西部,2020,0.5981473954951837,0.3700728404897727
621000,庆阳市,甘肃省,西部,2021,-1.568174352248534,-0.971482092119036
621000,庆阳市,甘肃省,西部,2022,-1.0840505439465735,-0.6716749726561465
621000,庆阳市,甘肃省,西部,2023,-0.216663366478037,-0.13452136302889817
621100,定西市,甘肃省,西部,2016,-0.6796082322068153,-0.42121283385552954
621100,定西市,甘肃省,西部,2017,0.7458495285688296,0.46154149023590174
621100,定西市,甘肃省,西部,2018,-0.42875222745497316,-0.2658632829866962
621100,定西市,甘肃省,西部,2019,-1.9188187523454219,-1.1886283793829568
621100,定西市,甘肃省,西部,2020,-1.3164455922286042,-0.8155920633013095
621100,定西市,甘肃省,西部,2021,-1.5114937879886663,-0.9363810778560006
621100,定西市,甘肃省,西部,2022,-0.9388651158909331,-0.5817648624179843
621100,定西市,甘肃省,西部,2023,-0.4757415391924398,-0.2949627198579495
621200,陇南市,甘肃省,西部,2016,-1.2190500252694423,-0.7552771523678885
621200,陇南市,甘肃省,西部,2017,1.5780759761094354,0.9769208409295127
621200,陇南市,甘肃省,西部,2018,0.07994291982730298,0.04916032084384471
621200,陇南市,甘肃省,西部,2019,-1.0282643051340665,-0.6371277942748372
621200,陇南市,甘肃省,西部,2020,0.07459131816391279,0.04584619282183865
621200,陇南市,甘肃省,西部,2021,-0.8349903350014921,-0.5174375182360642
621200,陇南市,甘肃省,西部,2022,-0.687633221642343,-0.42618253153436175
621200,陇南市,甘肃省,西部,2023,-0.21789661435563062,-0.13528508604236014
630100,西宁市,青海省,西部,2016,-0.2967892671335898,-0.18414155327355472
630100,西宁市,青海省,西部,2017,0.00015332381643085036,-0.0002516034055133837
630100,西宁市,青海省,西部,2018,0.5422858657415406,0.3354790361012385
630100,西宁市,青海省,西部,2019,-0.06768920348218571,-0.04226497341063882
630100,西宁市,青海省,西部,2020,0.037947255081405507,0.023153338618455668
630100,西宁市,青海省,西部,2021,-1.5588060553697458,-0.9656805139827448
630100,西宁市,青海省,西部,2022,-0.10708135869041485,-0.06665966001743344
630100,西宁市,青海省,西部,2023,-0.9005482815948258,-0.5580360981633504
630200,海东市,青海省,西部,2016,-0.6482976961560121,-0.4018229144562851
630200,海东市,青海省,西部,2017,1.6234516754128496,1.0050210034674512
630200,海东市,青海省,西部,2018,0.0867306546555789,0.053363814230548895
630200,海东市,青海省,西部,2019,-0.5020064253359343,-0.3112279803608793
630200,海东市,青海省,西部,2020,-0.8363234120603761,-0.5182630632437512
630200,海东市,青海省,西部,2021,-0.05579722143731641,-0.03490053311574446
630200,海东市,青海省,西部,2022,2.306645162613448,1.428107552653775
630200,海东市,青海省,西部,2023,0.47635141194833075,0.2946472936293383
632500,海南藏族自治州,青海省,西部,2016,-0.8654079573584933,-0.5362744760211986
632500,海南藏族自治州,青海省,西部,2017,-0.7383099209581362,-0.4575654856159725
632500,海南藏族自治州,青海省,西部,2018,-0.5152255498297434,-0.31941429049136205
632500,海南藏族自治州,青海省,西部,2019,-0.32091057536736023,-0.19907934359749718
632500,海南藏族自治州,青海省,西部,2020,-0.17554154269500444,-0.10905553109905872
632500,海南藏族自治州,青海省,西部,2021,-0.0652795698009686,-0.04077274080290914
632500,海南藏族自治州,青海省,西部,2022,0.019965392048659436,0.01201757031709327
632500,海南藏族自治州,青海省,西部,2023,0.08678106199964242,0.05339503037890662
640100,银川市,宁夏回族自治区,西部,2016,1.0669045511903243,0.660363733370052
640100,银川市,宁夏回族自治区,西部,2017,-0.7505931047244169,-0.4651721884462225
640100,银川市,宁夏回族自治区,西部,2018,0.21928383703356025,0.1354510553513048
640100,银川市,宁夏回族自治区,西部,2019,0.8546815861386328,0.5289387657379376
640100,银川市,宁夏回族自治区,西部,2020,1.8651151857016524,1.1546778467305403
640100,银川市,宁夏回族自治区,西部,2021,-1.3892604433796882,-0.8606846830059561
640100,银川市,宁夏回族自治区,西部,2022,-0.8989166027086137,-0.5570256356775672
640100,银川市,宁夏回族自治区,西部,2023,-0.340437385090375,-0.21117186306248814
640200,石嘴山市,宁夏回族自治区,西部,2016,-0.2565449743131482,-0.15921915677412032
640200,石嘴山市,宁夏回族自治区,西部,2017,0.8868913212731229,0.5488855391536152
640200,石嘴山市,宁夏回族自治区,西部,2018,-0.47849919738167085,-0.2966704763119782
640200,石嘴山市,宁夏回族自治区,西部,2019,4.412232510180607,2.732051020474049
640200,石嘴山市,宁夏回族自治区,西部,2020,-0.15301614030571697,-0.0951060498108702
640200,石嘴山市,宁夏回族自治区,西部,2021,-0.5498459603831924,-0.3408539416398101
640200,石嘴山市,宁夏回族自治区,西部,2022,-0.5563542450808137,-0.3448843777687046
640200,石嘴山市,宁夏回族自治区,西部,2023,0.9306465793712542,0.5759821984519199
640300,吴忠市,宁夏回族自治区,西部,2016,-1.1700325146517323,-0.7249216969874105
640300,吴忠市,宁夏回族自治区,西部,2017,-0.6430876770149685,-0.39859646534505166
640300,吴忠市,宁夏回族自治区,西部,2018,0.5044232721244664,0.31203157300797785
640300,吴忠市,宁夏回族自治区,西部,2019,-0.2508111880487209,-0.15566835031908716
640300,吴忠市,宁夏回族自治区,西部,2020,-0.33412886744262804,-0.20726513822966988
640300,吴忠市,宁夏回族自治区,西部,2021,-2.2683893546036464,-1.4051096875002744
640300,吴忠市,宁夏回族自治区,西部,2022,-0.8273322982129904,-0.5126950661795244
640300,吴忠市,宁夏回族自治区,西部,2023,0.26410402277107925,0.16320720067885702
640400,固原市,宁夏回族自治区,西部,2016,-0.25937540575313556,-0.16097198008565333
640400,固原市,宁夏回族自治区,西部,2017,-0.655185902691671,-0.4060886277393494
640400,固原市,宁夏回族自治区,西部,2018,-0.33785728926870545,-0.209574067038066
640400,固原市,宁夏回族自治区,西部,2019,0.16310555870097343,0.10066109560453664
640400,固原市,宁夏回族自治区,西部,2020,-0.6926278563463755,-0.429275597848612
640400,固原市,宁夏回族自治区,西部,2021,-0.6921417258567693,-0.4289745480359967
640400,固原市,宁夏回族自治区,西部,2022,-0.3416709593179815,-0.2119357881772631
640400,固原市,宁夏回族自治区,西部,2023,-0.50885779060461,-0.31547087866574547
640500,中卫市,宁夏回族自治区,西部,2016,-0.09570994128269536,-0.05961759383775876
640500,中卫市,宁夏回族自治区,西部,2017,-1.0076212661133495,-0.6243440188032929
640500,中卫市,宁夏回族自治区,西部,2018,0.3370709270117405,0.20839398348395413
640500,中卫市,宁夏回族自治区,西部,2019,-0.3600955371345336,-0.22334571990913735
640500,中卫市,宁夏回族自治区,西部,2020,0.11762834092046168,0.07249806492900826
640500,中卫市,宁夏回族自治区,西部,2021,-1.3447989593429723,-0.8331506736729988
640500,中卫市,宁夏回族自治区,西部,2022,-0.7312677438579611,-0.4532044217828256
640500,中卫市,宁夏回族自治区,西部,2023,0.03764742026006836,0.02296765757456102
650100,乌鲁木齐市,新疆维吾尔自治区,西部,2016,2.38932236351122,1.4793077064602065
650100,乌鲁木齐市,新疆维吾尔自治区,西部,2017,-0.8000811809059374,-0.495819054626552
650100,乌鲁木齐市,新疆维吾尔自治区,西部,2018,-1.1530603765139418,-0.7144112288820215
650100,乌鲁木齐市,新疆维吾尔自治区,西部,2019,-0.699549088330699,-0.43356176305835975
650100,乌鲁木齐市,新疆维吾尔自治区,西部,2020,2.348943801050958,1.4543021597556889
650100,乌鲁木齐市,新疆维吾尔自治区,西部,2021,-0.4824357551928022,-0.2991082991120878
650100,乌鲁木齐市,新疆维吾尔自治区,西部,2022,0.6216968314941135,0.3846564830430658
650100,乌鲁木齐市,新疆维吾尔自治区,西部,2023,-0.2818115217786585,-0.17486616831229743
650200,克拉玛依市,新疆维吾尔自治区,西部,2016,2.2630261392499182,1.401095260500096
650200,克拉玛依市,新疆维吾尔自治区,西部,2017,-0.6242429788343477,-0.38692636240486417
650200,克拉玛依市,新疆维吾尔自治区,西部,2018,-0.3409584513473291,-0.21149454781970892
650200,克拉玛依市,新疆维吾尔自治区,西部,2019,-0.26670265684939454,-0.1655095839115336
650200,克拉玛依市,新疆维吾尔自治区,西部,2020,2.6122207441734115,1.6173437218209565
650200,克拉玛依市,新疆维吾尔自治区,西部,2021,-1.0683538040171108,-0.6619543303276554
650200,克拉玛依市,新疆维吾尔自治区,西部,2022,-0.2856538386950858,-0.17724562981991884
650200,克拉玛依市,新疆维吾尔自治区,西部,2023,0.3099757407417782,0.19161453655817703
650400,吐鲁番市,新疆维吾尔自治区,西部,2016,0.16612559071091443,0.10253133433698375
650400,吐鲁番市,新疆维吾尔自治区,西部,2017,-0.6257906045179178,-0.3878847726095293
650400,吐鲁番市,新疆维吾尔自治区,西部,2018,-0.9129297784339058,-0.5657036840955179
650400,吐鲁番市,新疆维吾尔自治区,西部,2019,-2.5744287800071506,-1.5946331048552702
650400,吐鲁番市,新疆维吾尔自治区,西部,2020,1.0992048453013958,0.6803665879481199
650400,吐鲁番市,新疆维吾尔自治区,西部,2021,-0.027166400922477074,-0.017170102016889895
650400,吐鲁番市,新疆维吾尔自治区,西部,2022,-2.183307286318842,-1.3524202527462168
650400,吐鲁番市,新疆维吾尔自治区,西部,2023,-0.9351045836990954,-0.5794360483734184
650500,哈密市,新疆维吾尔自治区,西部,2016,1.3737982394995827,0.8504161767647638
650500,哈密市,新疆维吾尔自治区,西部,2017,-0.49675139270032254,-0.30797365539245397
650500,哈密市,新疆维吾尔自治区,西部,2018,0.4596869856542003,0.28432738463277707
650500,哈密市,新疆维吾尔自治区,西部,2019,-1.689479283752923,-1.0466035413585046
650500,哈密市,新疆维吾尔自治区,西部,2020,1.2962252030942327,0.8023769186372811
650500,哈密市,新疆维吾尔自治区,西部,2021,-1.4360631666803618,-0.8896685698034458
650500,哈密市,新疆维吾尔自治区,西部,2022,-2.318390880817063,-1.4360745218788438
650500,哈密市,新疆维吾尔自治区,西部,2023,-1.4114966470371229,-0.8744550699441823
